Country,City,UpdateTimeUTC,JamsDelay,TrafficIndexLive,JamsLengthInKms,JamsCount,TrafficIndexWeekAgo,UpdateTimeUTCWeekAgo,TravelTimeLivePer10KmsMins,TravelTimeHistoricPer10KmsMins,MinsDelay
ARE,abu-dhabi,01:30.0,650.7,36,109.1,162,30,01:30.0,11.61476694,10.26533011,1.349436825
ARE,abu-dhabi,46:00.0,540.4,30,101.4,136,27,46:30.0,11.00317962,10.03154431,0.971635314
ARE,abu-dhabi,46:30.0,71.8,7,18.9,23,6,46:30.0,8.196277949,8.196509787,-0.000231838
ARE,abu-dhabi,46:30.0,8.2,2,4.1,2,2,46:30.0,7.723807797,7.899046155,-0.175238358
ARE,abu-dhabi,01:30.0,1.1,1,0.2,1,1,01:30.0,8.336363491,8.604379091,-0.2680156
ARE,abu-dhabi,01:30.0,5.6,2,0.4,2,1,01:30.0,8.309698727,8.515686964,-0.205988237
ARE,abu-dhabi,31:30.0,5,2,0.9,1,1,01:30.0,8.337259079,8.536888727,-0.199629648
ARE,abu-dhabi,01:30.0,10.2,3,1.5,5,3,01:00.0,8.430087575,8.59058964,-0.160502066
ARE,abu-dhabi,01:30.0,40.9,13,9.9,16,5,01:00.0,9.126345346,8.6560938,0.470251546
ARE,abu-dhabi,16:30.0,197.9,17,20,37,7,01:00.0,9.716548509,9.014157165,0.702391344
ARE,abu-dhabi,31:30.0,176.3,13,16.3,45,10,01:00.0,9.676549357,9.507292875,0.169256482
ARE,abu-dhabi,01:00.0,176.3,14,17.7,60,14,01:00.0,10.05684301,10.17099539,-0.114152378
ARE,abu-dhabi,01:00.0,212.9,17,25.2,71,16,01:00.0,10.32970097,10.41007742,-0.080376454
ARE,abu-dhabi,01:00.0,257.9,21,32.3,79,18,01:00.0,10.6275457,10.26655985,0.360985854
ARE,abu-dhabi,01:00.0,260.9,21,44,79,18,46:00.0,10.64692359,10.08280761,0.564115987
ARE,abu-dhabi,46:00.0,250.4,19,47.8,84,16,46:00.0,10.4709705,9.994128573,0.476841923
ARE,abu-dhabi,46:00.0,108,12,9.3,35,11,46:00.0,9.731148522,9.657456625,0.073691897
ARE,abu-dhabi,01:00.0,46,9,4.3,16,9,01:00.0,9.512069397,9.531009205,-0.018939808
ARE,abu-dhabi,01:30.0,57.6,10,5.4,19,9,01:30.0,9.622127068,9.629542431,-0.007415364
ARE,abu-dhabi,01:00.0,44.8,9,5.4,19,10,31:30.0,9.582966955,9.668665432,-0.085698477
ARE,abu-dhabi,01:30.0,89.6,10,8.1,23,10,01:30.0,9.612939653,9.690002563,-0.07706291
ARE,abu-dhabi,46:30.0,71.5,9,7.8,21,10,46:30.0,9.588121089,9.672565194,-0.084444105
ARE,abu-dhabi,01:30.0,9.7,7,0.9,4,8,46:30.0,9.220890361,9.343851178,-0.122960817
ARE,abu-dhabi,01:30.0,29.2,8,10.2,10,8,01:30.0,9.289829586,9.22279188,0.067037707
ARE,abu-dhabi,16:30.0,37.1,9,14.2,11,8,01:30.0,9.159588869,9.010788139,0.14880073
ARE,abu-dhabi,01:30.0,44.5,9,16.6,13,8,01:30.0,9.077210086,8.928243614,0.148966472
ARE,abu-dhabi,31:30.0,15.6,8,6.4,5,7,46:30.0,8.83408112,8.70092738,0.13315374
ARE,abu-dhabi,01:00.0,11.9,6,9.5,6,7,46:30.0,8.627094618,8.544419066,0.082675552
ARE,abu-dhabi,46:30.0,11.2,5,10,5,3,46:30.0,8.648041767,8.652063702,-0.004021935
ARE,abu-dhabi,01:30.0,7.8,2,0.7,3,1,01:30.0,8.432434304,8.61301849,-0.180584186
ARE,abu-dhabi,01:30.0,0,2,0,0,1,01:30.0,8.342172224,8.547370348,-0.205198124
ARE,abu-dhabi,01:30.0,14.9,3,0.8,4,2,01:30.0,8.398571812,8.592130426,-0.193558615
ARE,abu-dhabi,01:30.0,40.4,6,2.9,12,4,01:00.0,8.926794824,8.963741082,-0.036946258
ARE,abu-dhabi,01:00.0,85.3,17,15.2,27,7,01:00.0,9.798539534,9.18389883,0.614640704
ARE,abu-dhabi,31:00.0,164.9,20,17.4,42,10,01:00.0,10.23922889,9.464823777,0.774405111
ARE,abu-dhabi,31:00.0,210.7,16,17.5,45,13,01:00.0,10.09060694,9.951779155,0.138827789
ARE,abu-dhabi,01:00.0,111.1,15,12.1,40,13,01:00.0,10.21076836,10.28987329,-0.079104932
ARE,abu-dhabi,01:00.0,186.7,17,23.1,61,15,01:00.0,10.43896689,10.56089411,-0.121927216
ARE,abu-dhabi,01:00.0,232.8,18,26.4,71,17,01:00.0,10.5005395,10.59671737,-0.096177873
ARE,abu-dhabi,01:00.0,296.5,24,37.5,91,20,01:00.0,10.85472895,10.33284616,0.521882791
ARE,abu-dhabi,46:00.0,298.1,23,47.9,90,19,01:00.0,10.72356501,10.2411202,0.482444806
ARE,abu-dhabi,46:00.0,213.3,21,43.5,61,19,31:00.0,10.481225,10.01113267,0.470092337
ARE,abu-dhabi,31:00.0,207.1,20,40.7,66,19,31:00.0,10.40025031,9.949940216,0.450310093
ARE,abu-dhabi,46:00.0,135.6,14,18.6,41,13,46:00.0,9.802088499,9.678827982,0.123260517
ARE,abu-dhabi,01:00.0,49.7,11,4.8,15,11,01:00.0,9.62890627,9.663874954,-0.034968684
ARE,abu-dhabi,01:30.0,116.4,12,14.9,38,12,01:30.0,9.864845039,9.82988534,0.034959698
ARE,abu-dhabi,01:30.0,130.6,12,17.9,42,13,01:30.0,9.933319839,9.977331096,-0.044011257
ARE,abu-dhabi,01:30.0,110.5,13,14.8,36,14,16:00.0,9.944771107,9.970040779,-0.025269672
ARE,abu-dhabi,16:30.0,132.9,12,15.2,37,13,31:30.0,9.861019605,9.91304735,-0.052027746
ARE,abu-dhabi,16:30.0,63.7,10,8.4,18,12,31:30.0,9.596148602,9.699139995,-0.102991394
ARE,abu-dhabi,16:30.0,43.1,9,5.8,12,10,01:30.0,9.456018958,9.526942187,-0.07092323
ARE,abu-dhabi,01:30.0,26.8,8,7.2,8,10,16:30.0,9.053517216,9.079659363,-0.026142147
ARE,abu-dhabi,16:30.0,29.4,9,11.1,11,9,16:30.0,9.190843309,9.131411613,0.059431696
ARE,abu-dhabi,46:30.0,14,8,4.7,5,9,46:30.0,8.92456922,8.88687818,0.03769104
ARE,abu-dhabi,46:30.0,9,4,2.2,4,4,46:30.0,8.433723018,8.586308109,-0.152585091
ARE,abu-dhabi,01:30.0,14.7,2,0.6,3,1,01:30.0,8.500991881,8.665303875,-0.164311994
ARE,abu-dhabi,01:30.0,1.6,2,1.7,1,2,01:30.0,8.400972652,8.624870795,-0.223898143
ARE,abu-dhabi,01:30.0,9.9,3,2.4,4,2,01:30.0,8.637256975,8.844830135,-0.20757316
ARE,abu-dhabi,01:30.0,11.5,5,1,5,4,01:30.0,8.939817076,9.094909391,-0.155092314
ARE,abu-dhabi,01:00.0,32.5,8,2.2,14,7,01:00.0,9.394147314,9.554560012,-0.160412698
ARE,abu-dhabi,01:00.0,67.8,11,7.5,21,10,01:00.0,9.900171795,10.06237338,-0.162201586
ARE,abu-dhabi,01:00.0,124,14,10.8,39,13,01:00.0,10.28577819,10.49580447,-0.210026273
ARE,abu-dhabi,01:00.0,230,18,28.7,78,16,01:00.0,10.59365047,10.6613695,-0.067719035
ARE,abu-dhabi,01:00.0,306.9,20,37.1,91,19,01:00.0,10.75919625,10.79800798,-0.038811727
ARE,abu-dhabi,01:00.0,420.3,24,57.3,122,24,01:00.0,10.98545639,10.67007158,0.315384805
ARE,abu-dhabi,01:00.0,315.5,25,55,85,25,01:00.0,10.94964645,10.25393492,0.695711528
ARE,abu-dhabi,46:00.0,345.6,24,56.7,92,24,46:00.0,10.84820063,10.12410228,0.724098342
ARE,abu-dhabi,16:00.0,236,19,40.7,65,24,46:00.0,10.36072855,9.88910428,0.471624266
ARE,abu-dhabi,46:00.0,124.1,14,18,36,18,46:00.0,9.852901012,9.654158066,0.198742947
ARE,abu-dhabi,01:30.0,72.6,11,7.9,24,12,01:30.0,9.658966302,9.649391809,0.009574493
ARE,abu-dhabi,01:30.0,156.5,14,20.2,53,12,01:30.0,10.21808163,10.05400086,0.164080773
ARE,abu-dhabi,01:30.0,226,22,30.4,68,11,01:30.0,10.7025187,10.12519382,0.57732488
ARE,abu-dhabi,46:30.0,266,24,41.4,78,11,46:30.0,10.88733099,10.2978789,0.589452086
ARE,abu-dhabi,46:30.0,129.4,12,16.5,40,9,01:30.0,9.858758035,10.00582375,-0.147065719
ARE,abu-dhabi,01:30.0,49.8,9,9.2,15,10,01:30.0,9.397233029,9.530299095,-0.133066066
ARE,abu-dhabi,01:30.0,37,9,5.4,13,10,31:30.0,9.374034523,9.46370683,-0.089672307
ARE,abu-dhabi,01:30.0,262,17,31.4,79,8,01:30.0,10.15159282,9.721875644,0.42971718
ARE,abu-dhabi,46:30.0,268.8,16,37.1,85,7,46:30.0,9.984654634,9.653869394,0.33078524
ARE,abu-dhabi,46:30.0,33.4,4,7.7,11,6,16:30.0,8.242548747,8.316947781,-0.074399034
ARE,abu-dhabi,46:30.0,20.5,3,6.9,6,4,46:30.0,8.071429217,8.217968664,-0.146539447
ARE,abu-dhabi,16:30.0,5.1,2,0.2,1,4,46:30.0,8.231558914,8.439730597,-0.208171682
ARE,abu-dhabi,01:30.0,6.6,2,2.4,3,2,01:30.0,8.538111275,8.755070314,-0.216959039
ARE,abu-dhabi,01:30.0,0,2,0,0,2,46:30.0,8.595155223,8.798876377,-0.203721154
ARE,abu-dhabi,01:30.0,10.3,2,0.6,3,2,01:30.0,8.598422786,8.845470218,-0.247047432
ARE,abu-dhabi,01:00.0,29.1,6,5.3,10,3,01:00.0,8.99141435,9.026905411,-0.035491062
ARE,abu-dhabi,01:00.0,34.8,12,4.5,7,6,01:00.0,9.469444184,9.147728269,0.321715916
ARE,abu-dhabi,16:00.0,250.3,17,20.1,50,9,01:00.0,10.13719493,9.544239331,0.592955601
ARE,abu-dhabi,46:00.0,249.4,14,18.1,44,12,01:30.0,10.04306517,9.819562682,0.223502484
ARE,abu-dhabi,01:00.0,126.5,17,16.1,47,15,01:00.0,10.64827827,10.72267262,-0.074394353
ARE,abu-dhabi,01:00.0,235,30,43.7,74,20,01:00.0,11.57641039,10.73193496,0.844475429
ARE,abu-dhabi,01:00.0,625,47,115.2,161,29,01:00.0,12.87001856,10.91299845,1.95702011
ARE,abu-dhabi,31:00.0,753.4,47,139,187,30,46:00.0,12.81123639,10.96791661,1.843319781
ARE,abu-dhabi,46:00.0,750.7,39,126.3,182,25,46:00.0,12.17069966,10.7426802,1.428019459
ARE,abu-dhabi,46:00.0,282.5,26,53,83,15,46:00.0,10.90411484,10.16818621,0.735928627
ARE,abu-dhabi,31:00.0,311.7,25,38,88,12,31:00.0,11.00815461,10.22994842,0.77820619
ARE,abu-dhabi,46:30.0,294.1,19,35.9,84,13,01:00.0,10.52453291,10.1987091,0.325823806
ARE,abu-dhabi,46:30.0,135.5,16,16.9,43,14,01:00.0,10.31634205,10.17639874,0.139943309
ARE,abu-dhabi,16:30.0,148,15,18.6,44,14,46:30.0,10.17723578,10.25278217,-0.075546388
ARE,abu-dhabi,31:30.0,108.3,14,15.4,34,12,16:30.0,10.1054221,10.25466196,-0.149239865
ARE,abu-dhabi,01:00.0,81.8,12,14,27,11,16:30.0,9.636187963,9.830402796,-0.194214833
ARE,abu-dhabi,01:30.0,69.2,13,9.7,25,10,16:30.0,9.761237544,9.848321361,-0.087083817
ARE,abu-dhabi,01:30.0,428.1,24,61.5,117,9,01:30.0,10.83653851,10.23607267,0.600465841
ARE,abu-dhabi,46:30.0,394.6,22,62.3,115,7,46:30.0,10.50140974,10.08523608,0.416173662
ARE,abu-dhabi,46:30.0,44.3,6,9.3,17,4,01:30.0,8.374029102,8.398079524,-0.024050422
ARE,abu-dhabi,46:30.0,12.2,3,4,4,3,46:30.0,8.021563179,8.177042145,-0.155478966
ARE,abu-dhabi,01:30.0,21.6,3,6.2,4,1,01:30.0,8.565557654,8.72040974,-0.154852085
ARE,abu-dhabi,01:30.0,0,2,0,0,2,31:30.0,8.558962534,8.792834709,-0.233872175
ARE,abu-dhabi,01:30.0,8.4,2,0.9,1,2,01:30.0,8.629246653,8.887920551,-0.258673898
ARE,abu-dhabi,01:30.0,5.9,3,0.2,2,3,01:30.0,8.805398773,9.043690432,-0.238291659
ARE,abu-dhabi,01:00.0,12.5,6,0.6,5,6,01:30.0,9.186058823,9.37144013,-0.185381307
ARE,abu-dhabi,01:00.0,28.8,9,5.3,12,9,01:00.0,9.667224184,9.825094616,-0.157870431
ARE,abu-dhabi,01:00.0,72.8,12,8.4,22,12,01:00.0,10.18793627,10.39969231,-0.211756048
ARE,abu-dhabi,01:00.0,139.9,16,16.9,49,15,01:00.0,10.64231185,10.74293257,-0.100620719
ARE,abu-dhabi,01:00.0,256,21,33.2,71,17,01:00.0,10.98814839,10.97392587,0.014222512
ARE,abu-dhabi,01:00.0,593.8,33,83.4,159,17,01:00.0,11.95274132,11.26766546,0.685075859
ARE,abu-dhabi,01:00.0,747.5,33,92.1,176,16,46:00.0,11.89789435,11.0910872,0.806807149
ARE,abu-dhabi,46:00.0,698.7,31,93.1,171,14,46:00.0,11.66237498,10.9284702,0.733904775
ARE,abu-dhabi,31:00.0,631.2,28,87,153,14,46:00.0,11.40614468,10.7769445,0.629200184
ARE,abu-dhabi,01:00.0,166.5,22,25.4,51,10,46:00.0,10.70054824,10.25077372,0.449774522
ARE,abu-dhabi,31:00.0,350.2,26,51.7,102,8,31:00.0,11.15176346,10.35986845,0.791895012
ARE,abu-dhabi,46:30.0,258.1,18,34.5,79,7,01:00.0,10.45238524,10.23632454,0.216060699
ARE,abu-dhabi,01:30.0,168.1,16,19.9,47,7,01:00.0,10.38060225,10.33081592,0.049786336
ARE,abu-dhabi,01:30.0,167.2,16,22.6,45,7,01:30.0,10.30902827,10.27935662,0.029671654
ARE,abu-dhabi,46:30.0,167.9,16,21.5,44,7,46:30.0,10.25128251,10.21017793,0.04110458
ARE,abu-dhabi,01:30.0,147.7,16,31.6,33,6,01:30.0,10.0368043,9.79645852,0.240345783
ARE,abu-dhabi,01:30.0,280.9,21,45.9,53,7,01:30.0,10.32362774,9.804974067,0.518653677
ARE,abu-dhabi,01:30.0,592.7,31,85.9,144,8,31:30.0,11.35791251,10.31913829,1.038774222
ARE,abu-dhabi,46:30.0,562.2,27,104.2,137,6,46:30.0,10.91730868,10.14669067,0.770618008
ARE,abu-dhabi,46:30.0,101,10,30.5,29,3,16:30.0,8.598066382,8.386193451,0.21187293
ARE,abu-dhabi,46:30.0,19.5,5,7.5,8,2,01:30.0,8.249622153,8.244286049,0.005336104
ARE,abu-dhabi,01:30.0,2.2,2,0.6,1,3,01:30.0,8.483154415,8.704785552,-0.221631137
ARE,abu-dhabi,01:30.0,8.3,2,0.9,4,5,01:30.0,8.635755232,8.888329005,-0.252573772
ARE,abu-dhabi,01:30.0,9,2,2.7,4,21,01:30.0,8.580334286,8.853107593,-0.272773308
ARE,abu-dhabi,01:30.0,16.1,3,1.9,4,31,16:30.0,8.817540592,9.062964449,-0.245423858
ARE,abu-dhabi,01:30.0,11.8,5,1.1,4,27,01:00.0,9.215087599,9.426104985,-0.211017386
ARE,abu-dhabi,01:30.0,34.5,8,3.5,10,28,46:00.0,9.596746578,9.762671495,-0.165924917
ARE,abu-dhabi,01:00.0,53.4,12,3.9,18,22,01:00.0,10.08881696,10.29101055,-0.202193587
ARE,abu-dhabi,01:00.0,133.6,16,12.6,43,22,46:00.0,10.64475729,10.77432789,-0.129570604
ARE,abu-dhabi,01:00.0,248.2,21,31.9,74,20,46:00.0,11.1018673,11.07942834,0.022438961
ARE,abu-dhabi,01:00.0,601.7,32,87.9,164,23,01:00.0,11.85421812,11.25075002,0.6034681
ARE,abu-dhabi,01:00.0,770.1,35,100.1,180,24,01:00.0,11.98863791,11.09694062,0.891697293
ARE,abu-dhabi,46:00.0,689.4,32,95.1,175,23,46:00.0,11.7149077,10.94150203,0.77340567
ARE,abu-dhabi,31:00.0,559.4,29,84.7,152,23,46:00.0,11.38248096,10.74696151,0.635519442
ARE,abu-dhabi,01:00.0,164.8,22,27.4,52,17,46:00.0,10.74947455,10.32362378,0.425850768
ARE,abu-dhabi,31:00.0,294,24,45.9,96,14,01:00.0,11.02486631,10.39311317,0.631753139
ARE,abu-dhabi,46:00.0,239.4,18,30,70,15,01:00.0,10.5398348,10.32316887,0.216665938
ARE,abu-dhabi,01:30.0,123.9,14,14.6,38,15,01:00.0,10.24930587,10.32982549,-0.080519613
ARE,abu-dhabi,31:30.0,187.1,16,19.7,54,16,16:00.0,10.38949031,10.40687296,-0.017382656
ARE,abu-dhabi,31:30.0,143,14,18.4,46,15,01:30.0,10.21196212,10.3522826,-0.140320482
ARE,abu-dhabi,01:30.0,104.8,13,14.8,36,14,16:30.0,9.830720792,10.00207774,-0.171356953
ARE,abu-dhabi,01:30.0,159.3,20,30.9,49,18,01:30.0,10.34035204,10.04857077,0.291781273
ARE,abu-dhabi,01:30.0,569.5,32,91.6,133,17,46:30.0,11.39165809,10.33080687,1.060851212
ARE,abu-dhabi,46:30.0,573.3,29,95.5,142,15,46:30.0,11.04502391,10.1651502,0.879873707
ARE,abu-dhabi,46:30.0,64.2,7,11.8,17,12,46:30.0,8.263622612,8.296896034,-0.033273422
ARE,abu-dhabi,46:30.0,17.4,3,5.7,4,7,46:30.0,7.876776684,8.053029162,-0.176252478
ARE,abu-dhabi,01:30.0,4.6,2,0.7,1,4,01:30.0,8.298386966,8.537731898,-0.239344932
ARE,abu-dhabi,31:30.0,3.3,3,1,1,4,01:30.0,8.639952411,8.811007772,-0.171055362
ARE,abu-dhabi,01:30.0,2,2,0.9,1,5,01:30.0,8.564497997,8.858392519,-0.293894522
ARE,abu-dhabi,01:30.0,12.4,3,2.2,4,5,46:30.0,8.822141548,9.066559566,-0.244418018
ARE,abu-dhabi,01:30.0,8.7,6,3.1,3,6,01:30.0,9.315655247,9.503432704,-0.187777457
ARE,abu-dhabi,01:00.0,58.3,9,4.1,14,10,01:00.0,9.60197552,9.731023817,-0.129048297
ARE,abu-dhabi,01:00.0,89.1,12,10.6,28,13,01:00.0,10.15519314,10.32999767,-0.17480453
ARE,abu-dhabi,01:00.0,153,16,17.8,47,16,01:00.0,10.64958261,10.69292715,-0.04334454
ARE,abu-dhabi,01:00.0,381.9,24,44.8,102,21,01:00.0,11.3201557,10.981677,0.338478696
ARE,abu-dhabi,01:00.0,780.8,35,101.9,175,30,01:00.0,12.15912253,11.19826545,0.960857075
ARE,abu-dhabi,01:00.0,883.3,36,114.9,190,30,46:00.0,12.16468851,11.06629643,1.098392082
ARE,abu-dhabi,46:00.0,798.1,33,105.4,185,25,46:00.0,11.8942627,10.88662459,1.007638105
ARE,abu-dhabi,01:00.0,351.3,25,56.4,96,25,46:00.0,11.04607712,10.44239721,0.603679908
ARE,abu-dhabi,46:00.0,317.1,24,55.1,84,16,46:00.0,10.97823358,10.38458594,0.593647645
ARE,abu-dhabi,31:30.0,286.7,23,44.7,86,12,01:00.0,10.9591768,10.35073932,0.608437477
ARE,abu-dhabi,46:00.0,205.9,18,27.9,67,14,01:00.0,10.51338762,10.26278373,0.250603891
ARE,abu-dhabi,01:30.0,169.2,15,17,42,14,01:30.0,10.23985954,10.25763635,-0.017776808
ARE,abu-dhabi,31:00.0,216.8,16,23.7,60,15,31:30.0,10.41420703,10.36410497,0.050102058
ARE,abu-dhabi,01:30.0,143.4,14,18.7,46,14,46:30.0,10.06679456,10.13718669,-0.070392131
ARE,abu-dhabi,01:30.0,100.9,13,13.7,31,12,46:30.0,9.867187485,9.970266123,-0.103078638
ARE,abu-dhabi,01:30.0,162.3,22,30.4,52,10,16:30.0,10.46634663,10.14291867,0.323427953
ARE,abu-dhabi,01:30.0,555.7,30,88.1,142,9,01:30.0,11.22240238,10.35840153,0.86400084
ARE,abu-dhabi,46:30.0,551.9,27,86.5,135,8,46:30.0,10.89025081,10.20359217,0.68665864
ARE,abu-dhabi,46:30.0,61.1,6,11.2,22,5,46:30.0,8.215072769,8.263906761,-0.048833991
ARE,abu-dhabi,46:30.0,18.8,2,3.7,4,2,16:30.0,7.820652224,7.978938529,-0.158286304
ARE,abu-dhabi,01:30.0,1.4,1,0.1,1,1,01:30.0,8.099935397,8.344861707,-0.24492631
ARE,abu-dhabi,01:30.0,3.9,1,0.2,1,1,01:30.0,8.28275821,8.529450801,-0.246692591
ARE,abu-dhabi,01:30.0,11.4,1,4.1,5,1,01:30.0,8.212034678,8.470531509,-0.258496831
ARE,abu-dhabi,01:00.0,10.6,3,2.6,4,3,01:30.0,8.421619988,8.625338927,-0.203718939
ARE,abu-dhabi,01:00.0,5,5,1.4,2,5,01:30.0,8.684392474,8.863457316,-0.179064842
ARE,abu-dhabi,01:00.0,39.3,7,2.6,13,8,01:00.0,9.140925584,9.309257834,-0.16833225
ARE,abu-dhabi,01:00.0,80.2,10,7.5,28,11,01:00.0,9.62209771,9.855704268,-0.233606558
ARE,abu-dhabi,01:00.0,176.7,14,21.4,57,14,01:00.0,10.04710652,10.25687559,-0.209769068
ARE,abu-dhabi,01:00.0,210.2,16,23.2,71,15,01:00.0,10.24003842,10.38895174,-0.148913325
ARE,abu-dhabi,01:00.0,259.9,18,32.2,86,17,31:00.0,10.43543251,10.3573605,0.078072016
ARE,abu-dhabi,46:00.0,256.2,18,30.9,85,17,46:00.0,10.42284764,10.33316133,0.08968631
ARE,abu-dhabi,46:00.0,257.7,16,30.1,78,15,46:00.0,10.26967526,10.13913222,0.130543043
ARE,abu-dhabi,46:00.0,100.7,11,11.9,33,11,46:00.0,9.75841383,9.737333763,0.021080067
ARE,abu-dhabi,01:00.0,39.6,9,5.2,14,9,01:00.0,9.597844617,9.667292405,-0.069447788
ARE,abu-dhabi,01:30.0,67.4,9,6.4,24,10,01:00.0,9.686435975,9.734260722,-0.047824747
ARE,abu-dhabi,31:30.0,62.4,10,6.1,19,9,01:00.0,9.661997073,9.699757322,-0.037760249
ARE,abu-dhabi,01:30.0,44.8,10,6.7,14,10,16:30.3,9.70429128,9.764926501,-0.060635221
ARE,abu-dhabi,46:30.0,95.2,10,11.3,33,9,46:30.0,9.682635981,9.719312285,-0.036676305
ARE,abu-dhabi,46:30.0,19.6,8,2.8,7,8,46:30.0,9.390756361,9.526574382,-0.135818021
ARE,abu-dhabi,01:30.0,24.9,8,10.6,7,8,01:00.0,9.243780053,9.237109902,0.006670151
ARE,abu-dhabi,01:30.0,41.8,8,13.2,12,9,16:30.0,9.008083061,8.967998091,0.04008497
ARE,abu-dhabi,01:30.0,13.5,8,4.5,4,8,16:30.0,8.972685732,8.878209769,0.094475964
ARE,abu-dhabi,46:30.0,22.6,7,6,7,7,31:30.0,8.864876905,8.793112144,0.071764761
ARE,abu-dhabi,46:30.0,5.8,3,1.6,2,3,46:30.0,8.333110311,8.482952278,-0.149841968
ARE,abu-dhabi,01:30.0,11.1,1,0.8,4,1,01:30.0,8.090226383,8.301169327,-0.210942944
ARE,abu-dhabi,01:30.0,5.1,1,1.3,2,1,01:30.0,8.170157474,8.374626518,-0.204469044
ARE,abu-dhabi,01:30.0,13.2,2,0.8,3,2,01:30.0,8.264587657,8.485110246,-0.220522589
ARE,abu-dhabi,01:00.0,17.2,4,4.1,9,4,01:30.0,8.614576024,8.771171637,-0.156595613
ARE,abu-dhabi,01:00.0,38.7,7,3.7,12,8,01:00.0,9.044289467,9.202116484,-0.157827017
ARE,abu-dhabi,01:00.0,55.8,10,3.6,19,11,01:00.0,9.550611461,9.797174399,-0.246562938
ARE,abu-dhabi,01:00.0,86,13,10.7,32,13,01:00.0,9.937068691,10.20082798,-0.263759285
ARE,abu-dhabi,01:00.0,131.1,15,15.7,47,15,01:00.0,10.08736047,10.40877177,-0.321411293
ARE,abu-dhabi,01:00.0,211,17,25.7,67,16,01:00.0,10.28989792,10.48791173,-0.19801381
ARE,abu-dhabi,01:00.0,319.8,20,35.8,91,19,01:00.0,10.55198102,10.43644327,0.115537747
ARE,abu-dhabi,01:00.0,279.5,19,37.7,78,19,46:00.0,10.42530889,10.18918809,0.236120803
ARE,abu-dhabi,31:00.0,260.1,19,38.8,67,17,31:00.0,10.35003816,9.989796325,0.360241833
ARE,abu-dhabi,46:00.0,120,13,16.9,43,13,46:00.0,9.799448441,9.732232062,0.067216379
ARE,abu-dhabi,01:00.0,77.7,11,8,24,12,31:30.0,9.612933545,9.593426,0.019507545
ARE,abu-dhabi,01:30.0,137,12,15.6,41,11,01:30.0,9.816147988,9.781914559,0.034233429
ARE,abu-dhabi,01:30.0,127.7,13,15.9,38,12,01:30.0,9.975730578,9.911576943,0.064153635
ARE,abu-dhabi,16:00.0,136.2,14,18.1,45,12,01:30.1,10.03525908,9.966682713,0.068576366
ARE,abu-dhabi,31:30.0,104.5,13,14.7,33,12,31:30.0,9.874086789,9.87932646,-0.005239672
ARE,abu-dhabi,31:30.0,61.8,12,11.7,25,10,16:30.0,9.715789375,9.707075599,0.008713777
ARE,abu-dhabi,01:30.0,25.5,10,8.7,7,10,16:30.0,9.440785068,9.439664795,0.001120273
ARE,abu-dhabi,16:30.0,35.1,10,8.8,11,10,16:30.0,9.383798834,9.281374901,0.102423933
ARE,abu-dhabi,16:30.0,20.5,9,7.3,7,9,16:30.0,9.182365376,9.102676134,0.079689242
ARE,abu-dhabi,46:30.0,16.5,9,3.7,7,8,31:30.0,9.080631643,8.966681105,0.113950538
ARE,abu-dhabi,46:30.0,33.6,4,4.1,4,4,46:30.0,8.514703325,8.652402405,-0.13769908
ARE,abu-dhabi,01:30.0,2.7,1,0.2,1,1,01:30.0,8.174611543,8.414897134,-0.240285592
ARE,abu-dhabi,01:30.0,15.2,2,1.6,3,2,01:30.0,8.336470232,8.540304778,-0.203834546
ARE,abu-dhabi,01:30.0,13.6,2,2.6,5,3,01:30.0,8.459093308,8.712481071,-0.253387763
ARE,abu-dhabi,01:30.0,10.4,4,1,4,5,01:00.0,8.803455108,8.979697117,-0.17624201
ARE,abu-dhabi,01:00.0,22.9,7,3.8,10,8,01:00.0,9.307169905,9.505895514,-0.198725608
ARE,abu-dhabi,01:00.0,38.4,10,4.7,13,11,01:00.0,9.774792594,9.997884884,-0.22309229
ARE,abu-dhabi,01:00.0,92,13,10.8,33,13,01:00.0,10.09139403,10.35974242,-0.268348386
ARE,abu-dhabi,01:00.0,147,16,16.8,50,16,01:00.0,10.3464709,10.66166568,-0.315194776
ARE,abu-dhabi,01:00.0,232.3,19,26.7,74,19,01:00.0,10.57539007,10.78050253,-0.205112462
ARE,abu-dhabi,01:00.0,434,24,53.4,120,22,01:00.0,10.92183962,10.7023384,0.219501223
ARE,abu-dhabi,01:00.0,357.6,25,45.7,97,21,46:00.0,11.0758463,10.42443717,0.651409138
ARE,abu-dhabi,46:00.0,390.8,24,51.7,106,17,46:00.0,10.90195037,10.19366936,0.708281013
ARE,abu-dhabi,46:00.0,176.7,18,22.2,55,11,46:00.0,10.33906302,9.7278212,0.61124182
ARE,abu-dhabi,01:30.0,83.2,12,13.9,29,9,01:00.0,9.713561179,9.589932481,0.123628698
ARE,abu-dhabi,01:30.0,102,12,12.4,33,11,01:30.0,10.0188915,10.06149194,-0.04260044
ARE,abu-dhabi,01:30.0,122.7,11,14.3,37,10,01:30.0,9.640272194,10.02476722,-0.384495025
ARE,abu-dhabi,46:30.0,103.2,11,14.2,30,11,46:30.0,9.592122202,10.14326108,-0.551138876
ARE,abu-dhabi,01:30.0,32.2,9,2.1,11,9,01:30.0,9.552380671,9.813458951,-0.261078281
ARE,abu-dhabi,01:30.0,50.1,10,6.1,14,9,01:30.0,9.575452909,9.635892807,-0.060439898
ARE,abu-dhabi,31:30.0,48.5,10,11.8,15,8,16:30.0,9.48854991,9.580107249,-0.09155734
ARE,abu-dhabi,01:30.0,76.8,8,12.3,19,7,16:30.0,8.930573922,9.241190074,-0.310616152
ARE,abu-dhabi,46:30.0,71.5,7,8.5,18,5,16:30.0,8.775714654,9.11522207,-0.339507416
ARE,abu-dhabi,16:30.0,22.3,6,10.1,7,4,16:30.0,8.710156985,8.673801763,0.036355222
ARE,abu-dhabi,46:30.0,13.6,4,6,5,3,46:30.0,8.505184288,8.574057901,-0.068873613
ARE,abu-dhabi,31:30.0,0,3,0,0,3,46:30.0,8.397012407,8.54392301,-0.146910602
ARE,abu-dhabi,01:30.0,3.9,2,0.2,1,2,01:30.0,8.345927217,8.555864774,-0.209937558
ARE,abu-dhabi,46:30.0,0,2,0,0,2,01:30.0,8.355592342,8.583809001,-0.228216659
ARE,abu-dhabi,01:30.0,18.6,2,1.2,4,2,01:30.0,8.595366723,8.811830865,-0.216464142
ARE,abu-dhabi,01:00.0,18.3,3,2.8,6,4,01:00.0,8.781374237,9.005116311,-0.223742073
ARE,abu-dhabi,01:00.0,3.8,6,0.6,4,6,01:00.0,9.165592413,9.370950608,-0.205358195
ARE,abu-dhabi,01:00.0,14.3,9,1.4,8,9,01:00.0,9.727630987,9.868840838,-0.141209851
ARE,abu-dhabi,01:30.0,70.8,12,7.1,28,12,01:00.0,10.07868972,10.32697908,-0.248289365
ARE,abu-dhabi,01:00.0,181.2,15,21.3,61,15,01:00.0,10.44648073,10.68484025,-0.238359521
ARE,abu-dhabi,01:00.0,213.2,20,23.5,71,19,01:00.0,10.80035597,10.99557787,-0.195221899
ARE,abu-dhabi,01:00.0,593.1,29,80.3,161,27,01:00.0,11.41888654,11.17396592,0.244920617
ARE,abu-dhabi,46:00.0,659.8,30,89.2,172,27,31:00.0,11.45279165,11.21581923,0.236972418
ARE,abu-dhabi,46:00.0,565.9,25,70.4,144,24,46:00.0,11.01977706,10.90018804,0.119589016
ARE,abu-dhabi,46:00.0,193.7,15,22.4,54,14,46:00.0,10.09120226,10.30473428,-0.213532021
ARE,abu-dhabi,31:00.0,147.9,12,14.4,45,12,01:00.0,9.636511208,10.00882129,-0.372310084
ARE,abu-dhabi,01:00.0,110.6,13,8.6,29,12,01:00.0,9.892720624,10.03156631,-0.138845687
ARE,abu-dhabi,01:00.0,203.5,14,20.1,48,13,01:00.0,9.973108778,10.07719147,-0.104082695
ARE,abu-dhabi,46:30.0,191.7,14,20.1,48,13,01:00.0,9.997454289,10.08559729,-0.088143003
ARE,abu-dhabi,16:30.0,117.3,12,15,34,13,46:00.0,9.791068448,10.04589178,-0.254823331
ARE,abu-dhabi,16:30.0,51.3,11,8.8,15,12,16:30.0,9.519386173,9.813743929,-0.294357756
ARE,abu-dhabi,16:30.0,76.1,10,12.1,22,10,31:30.0,9.409120114,9.719491328,-0.310371214
ARE,abu-dhabi,01:30.0,97.1,9,17.3,30,8,01:30.0,8.850318884,9.53064886,-0.680329976
ARE,abu-dhabi,46:30.0,71,7,11.5,17,6,31:30.0,8.620053773,9.349944092,-0.729890318
ARE,abu-dhabi,01:30.0,20.7,4,6.4,6,4,46:30.0,8.17541242,8.304622031,-0.129209611
ARE,abu-dhabi,46:30.0,15.1,3,7.4,6,3,31:30.0,8.276454906,8.427104556,-0.15064965
ARE,abu-dhabi,01:30.0,4.5,1,0.3,1,2,46:30.0,8.307162181,8.574745302,-0.267583121
ARE,abu-dhabi,31:30.0,0,2,0,0,2,01:30.0,8.448478933,8.69103233,-0.242553397
ARE,abu-dhabi,01:30.0,4.5,2,0.3,2,2,01:30.0,8.407099072,8.654488289,-0.247389217
ARE,abu-dhabi,01:30.0,0,3,0,0,3,01:30.0,8.558726435,8.769924901,-0.211198466
ARE,abu-dhabi,01:30.0,20.6,6,2.9,9,6,01:30.0,9.018223185,9.138228189,-0.120005004
ARE,abu-dhabi,01:00.0,33.4,9,3.8,9,9,01:00.0,9.428097818,9.484144564,-0.056046746
ARE,abu-dhabi,01:00.0,67.8,12,8.7,25,12,01:00.0,9.78694096,9.92820618,-0.14126522
ARE,abu-dhabi,01:00.0,161.3,15,17.6,50,15,01:00.0,10.15072692,10.29039847,-0.139671545
ARE,abu-dhabi,01:00.0,217.3,17,26.2,70,18,01:00.0,10.38419487,10.44376462,-0.059569753
ARE,abu-dhabi,01:00.0,232.7,17,23.5,79,24,01:00.0,10.28717315,10.33492753,-0.047754381
ARE,abu-dhabi,46:00.0,192.7,16,23.9,66,25,46:00.0,10.19065022,10.25626689,-0.065616674
ARE,abu-dhabi,46:00.0,189.5,14,23,57,22,46:00.0,10.00806957,10.05281901,-0.044749436
ARE,abu-dhabi,46:00.0,104,10,8.2,31,14,46:00.0,9.429378423,9.544032718,-0.114654295
ARE,abu-dhabi,31:00.0,48.8,8,4.3,18,11,01:00.0,9.117760354,9.230021865,-0.112261512
ARE,abu-dhabi,01:00.0,57.6,7,6.1,19,13,01:00.0,9.119475667,9.345142895,-0.225667228
ARE,abu-dhabi,01:00.0,30.8,7,5.2,12,13,31:00.0,9.095527726,9.348756876,-0.25322915
ARE,abu-dhabi,01:30.0,24.1,7,3.6,7,14,31:00.0,9.087599234,9.343622792,-0.256023558
ARE,abu-dhabi,46:30.0,30.1,7,6.6,10,13,46:30.0,9.088618565,9.345154187,-0.256535622
ARE,abu-dhabi,01:30.0,30,6,8.4,10,12,46:30.0,9.051970111,9.191095078,-0.139124967
ARE,abu-dhabi,01:30.0,30.8,7,11.8,11,10,31:30.0,8.999873255,9.010142728,-0.010269473
ARE,abu-dhabi,31:30.0,49.3,8,22.1,15,8,16:30.0,8.884703386,8.83207802,0.052625366
ARE,abu-dhabi,46:30.0,55.2,6,19.5,14,7,31:30.0,8.546880314,8.613128752,-0.066248438
ARE,abu-dhabi,16:30.0,6.6,3,1.6,2,4,31:30.0,8.016649211,8.200954709,-0.184305498
ARE,abu-dhabi,01:30.0,4.5,2,0.3,1,3,46:30.0,7.913772274,8.058972946,-0.145200672
ARE,abu-dhabi,01:30.0,14.1,3,3.3,4,2,01:30.0,8.086497192,8.165527039,-0.079029847
ARE,abu-dhabi,01:30.0,12.9,5,2.5,5,2,01:30.0,8.560399063,8.519633663,0.0407654
ARE,abu-dhabi,01:30.0,136,21,20.6,32,3,01:30.0,10.35573159,9.049445144,1.306286446
ARE,abu-dhabi,16:30.0,455.2,31,40.4,72,4,01:30.0,11.45687803,9.305173849,2.151704178
ARE,abu-dhabi,01:00.0,399.4,27,38,75,6,01:30.0,11.67006216,9.952810535,1.717251627
ARE,abu-dhabi,46:00.0,366.4,28,39.8,82,9,01:00.0,11.68632209,10.00846879,1.677853298
ARE,abu-dhabi,01:00.0,258.7,22,26.8,73,13,01:00.0,10.92918316,10.22056438,0.708618777
ARE,abu-dhabi,46:00.0,268.5,22,30.6,66,16,01:00.0,10.87938302,10.23562735,0.643755665
ARE,abu-dhabi,46:00.0,274.3,20,32.9,76,22,01:00.0,10.5121643,10.3145795,0.197584804
ARE,abu-dhabi,01:00.0,369.8,23,47.7,101,29,01:00.0,10.6767797,10.93186127,-0.255081566
ARE,abu-dhabi,01:00.0,432.5,24,61.1,115,29,46:00.0,10.82042829,10.92782426,-0.107395965
ARE,abu-dhabi,46:00.0,464.9,23,63.3,133,25,46:00.0,10.72530875,10.76324443,-0.037935683
ARE,abu-dhabi,46:00.0,247.9,17,30.1,73,16,46:00.0,10.14926094,10.19722043,-0.047959495
ARE,abu-dhabi,01:00.0,128.2,14,15.7,36,16,01:00.0,9.827585013,9.956294824,-0.128709811
ARE,abu-dhabi,01:00.0,193,15,20.9,48,17,46:00.3,10.0466928,10.01735494,0.029337866
ARE,abu-dhabi,01:00.0,187.7,15,20.7,53,14,01:30.0,10.15958713,10.19165531,-0.032068184
ARE,abu-dhabi,16:00.0,194,16,21.9,51,15,16:30.0,10.25029341,10.25913569,-0.008842285
ARE,abu-dhabi,01:30.0,145.2,15,20.1,35,14,46:30.0,10.09015643,10.11965138,-0.029494943
ARE,abu-dhabi,16:30.0,176.3,14,28.9,43,12,31:30.0,9.899466718,9.969974892,-0.070508174
ARE,abu-dhabi,01:30.0,346.7,18,39.6,52,10,16:30.0,10.03566078,9.917936082,0.117724695
ARE,abu-dhabi,46:30.0,380.8,17,41.9,65,9,01:30.0,9.849535386,9.927383146,-0.07784776
ARE,abu-dhabi,46:30.0,325.7,15,37.7,46,8,46:30.0,9.314770933,9.5843145,-0.269543568
ARE,abu-dhabi,46:30.0,192.8,12,38.5,37,4,31:30.0,8.743239351,8.361784824,0.381454528
ARE,abu-dhabi,46:30.0,41.2,7,4,8,3,46:30.0,8.665789384,8.51482918,0.150960204
ARE,abu-dhabi,01:30.0,1.4,4,0.3,1,3,46:30.0,8.425304538,8.512306315,-0.087001777
ARE,abu-dhabi,01:30.0,0,4,0,0,2,01:30.0,8.44074775,8.461283188,-0.020535437
ARE,abu-dhabi,01:30.0,3.6,4,2.2,2,2,01:30.0,8.294307792,8.367755495,-0.073447703
ARE,abu-dhabi,01:30.0,9.7,5,1.8,3,2,01:30.0,8.612944632,8.611983452,0.00096118
ARE,abu-dhabi,46:30.0,4,5,1,2,3,01:30.0,8.659071495,8.698891022,-0.039819526
ARE,abu-dhabi,01:30.0,10.5,6,0.5,3,6,01:30.0,9.102304735,9.22647778,-0.124173046
ARE,abu-dhabi,01:00.0,15,10,1.9,8,9,01:00.0,9.708904695,9.720310473,-0.011405778
ARE,abu-dhabi,01:00.0,77.4,13,10.6,24,11,01:00.0,10.02457729,10.08265947,-0.058082178
ARE,abu-dhabi,01:00.0,154.9,16,22.5,60,14,01:00.0,10.39153057,10.40715979,-0.015629216
ARE,abu-dhabi,01:00.0,259.3,21,30.6,89,19,01:00.0,10.84534722,10.78475218,0.060595041
ARE,abu-dhabi,01:00.0,509.2,30,75.2,145,28,01:00.0,11.52974106,11.05336861,0.476372449
ARE,abu-dhabi,46:00.0,581.8,30,82.8,164,30,31:00.0,11.47580266,11.07948432,0.396318333
ARE,abu-dhabi,46:00.0,559.3,25,71.4,129,28,46:00.0,11.0229286,10.77958485,0.243343745
ARE,abu-dhabi,46:00.0,217.2,16,24.2,63,22,46:00.0,10.17888829,10.25644627,-0.077557981
ARE,abu-dhabi,01:00.0,93.8,12,13.5,30,17,46:00.0,9.711362283,9.981378973,-0.27001669
ARE,abu-dhabi,01:00.0,99.6,14,15,26,13,01:00.0,10.00084294,9.995953659,0.004889281
ARE,abu-dhabi,01:30.0,124.3,14,14.7,35,14,16:00.0,9.989703517,10.06988425,-0.080180737
ARE,abu-dhabi,31:30.0,191.1,15,22.8,54,14,01:30.0,10.09015043,10.11086615,-0.020715719
ARE,abu-dhabi,46:30.0,154.6,14,22.5,50,13,16:30.0,9.968632203,10.07730525,-0.108673051
ARE,abu-dhabi,46:30.0,95.4,12,14,31,11,01:30.0,9.65481053,9.842008447,-0.187197917
ARE,abu-dhabi,16:30.0,37.6,10,8.9,13,11,31:30.0,9.343145436,9.926329235,-0.583183799
ARE,abu-dhabi,01:30.0,67.4,9,12.5,24,10,31:00.0,8.840590799,9.767273858,-0.926683059
ARE,abu-dhabi,46:30.0,45,8,18.2,15,7,16:30.0,8.628096179,9.487453355,-0.859357176
ARE,abu-dhabi,46:30.0,41.1,5,19.6,15,5,46:30.0,8.035717382,8.199304468,-0.163587086
ARE,abu-dhabi,16:30.0,0.7,2,1.8,1,2,31:30.0,7.994896215,8.193007112,-0.198110897
ARE,abu-dhabi,01:30.0,15.6,1,3.6,5,2,31:30.0,8.050258276,8.267248826,-0.21699055
ARE,abu-dhabi,01:30.0,3.7,1,0.1,1,1,01:30.0,8.280904498,8.479336035,-0.198431537
ARE,abu-dhabi,01:30.0,5.1,1,0.5,2,1,01:30.0,8.098620906,8.320991781,-0.222370875
ARE,abu-dhabi,01:30.0,15.9,1,1.3,4,2,01:30.0,8.076444915,8.297324331,-0.220879417
ARE,abu-dhabi,01:30.0,21.3,3,3,7,3,01:30.0,8.355850271,8.530997484,-0.175147213
ARE,abu-dhabi,01:30.0,32.9,5,4.7,10,5,01:30.0,8.786498552,8.895456275,-0.108957723
ARE,abu-dhabi,01:00.0,41.7,8,5.3,17,8,01:00.0,9.186796503,9.292732382,-0.105935878
ARE,abu-dhabi,01:00.0,74.6,11,9.8,34,12,01:00.0,9.553268681,9.712203485,-0.158934803
ARE,abu-dhabi,01:00.0,102.7,14,11.9,39,13,01:00.0,9.975773246,10.12721549,-0.151442242
ARE,abu-dhabi,01:00.0,169.1,15,19.6,59,15,01:00.0,10.13096782,10.34065055,-0.209682736
ARE,abu-dhabi,31:00.0,247.7,17,23.2,78,17,16:00.0,10.19058381,10.29839361,-0.107809797
ARE,abu-dhabi,46:00.0,208.7,17,28.3,74,16,46:00.0,10.09295394,10.09245668,0.000497255
ARE,abu-dhabi,46:00.0,188.5,15,25,61,14,31:00.0,9.922936126,9.890481053,0.032455073
ARE,abu-dhabi,46:00.0,125.8,11,14.6,39,10,46:00.0,9.526088536,9.534680849,-0.008592313
ARE,abu-dhabi,01:00.0,69,9,4.6,21,8,01:00.0,9.349684824,9.377796849,-0.028112024
ARE,abu-dhabi,01:00.0,88.9,10,9,27,9,01:00.0,9.441004839,9.467258814,-0.026253975
ARE,abu-dhabi,01:00.0,58.2,9,3,16,9,46:00.0,9.312121866,9.438198937,-0.126077072
ARE,abu-dhabi,16:30.3,69.3,10,9.3,23,9,01:30.0,9.49689111,9.536496095,-0.039604986
ARE,abu-dhabi,46:30.0,53.5,9,7.1,16,8,16:30.0,9.356219577,9.469589603,-0.113370026
ARE,abu-dhabi,46:30.0,40.1,8,4.1,11,8,01:30.0,9.224525687,9.341021087,-0.1164954
ARE,abu-dhabi,01:00.0,21.8,8,2,7,8,31:30.0,9.166843011,9.186671035,-0.019828024
ARE,abu-dhabi,16:30.0,36.7,9,10.7,10,9,31:30.0,9.097440631,9.005503155,0.091937476
ARE,abu-dhabi,16:30.0,29.5,8,6.2,9,8,01:30.0,9.013923322,8.928690424,0.085232898
ARE,abu-dhabi,31:30.0,25.6,7,9.8,9,7,46:30.0,8.755576731,8.716614392,0.038962339
ARE,abu-dhabi,46:30.0,9.9,3,3.3,3,2,31:30.0,8.145830847,8.29367629,-0.147845443
ARE,abu-dhabi,01:30.0,3.6,1,0.2,1,1,01:30.0,7.839508156,8.06237878,-0.222870624
ARE,abu-dhabi,01:30.0,3.5,1,0.1,1,2,01:30.0,7.880438497,8.093434629,-0.212996131
ARE,abu-dhabi,01:30.0,22.6,2,2.1,4,2,01:30.0,8.218750073,8.409851332,-0.19110126
ARE,abu-dhabi,01:30.0,8.9,4,1.7,6,5,01:30.0,8.478887055,8.615551441,-0.136664386
ARE,abu-dhabi,01:00.0,19.2,8,1.6,7,7,01:30.0,9.024773245,9.180262273,-0.155489028
ARE,abu-dhabi,01:00.0,49.2,11,5.5,18,10,01:00.0,9.536970462,9.689312693,-0.152342231
ARE,abu-dhabi,01:00.0,110.6,13,13.3,39,13,01:00.0,9.913053841,10.17794769,-0.264893853
ARE,abu-dhabi,01:00.0,144.9,15,16.5,55,15,01:00.0,9.988290095,10.28659211,-0.298302013
ARE,abu-dhabi,01:00.0,155,16,21,57,17,01:00.0,10.0792186,10.37570668,-0.296488081
ARE,abu-dhabi,01:00.0,308.1,19,35,83,19,01:00.0,10.24631855,10.22745839,0.018860154
ARE,abu-dhabi,46:00.0,311.4,19,38.5,89,19,46:00.0,10.22329501,10.16363441,0.059660596
ARE,abu-dhabi,31:00.0,237.4,17,27,62,18,46:00.0,9.981426878,9.8266082,0.154818678
ARE,abu-dhabi,46:00.0,170.6,13,20.3,50,12,46:00.0,9.64305794,9.611529002,0.031528938
ARE,abu-dhabi,31:30.0,90.8,12,12.7,28,10,01:30.0,9.598322072,9.474319291,0.124002781
ARE,abu-dhabi,01:30.0,89,11,8.3,27,11,01:30.0,9.564103913,9.570475691,-0.006371779
ARE,abu-dhabi,01:30.0,117.9,12,13.4,32,12,31:30.0,9.602469873,9.662704664,-0.060234791
ARE,abu-dhabi,01:30.1,105.1,12,12.7,30,12,01:30.0,9.687609561,9.747677269,-0.060067708
ARE,abu-dhabi,31:30.0,83.3,12,15.4,29,12,16:30.0,9.621701425,9.706924671,-0.085223245
ARE,abu-dhabi,16:30.0,44,10,8.8,13,11,31:30.0,9.470611246,9.587917353,-0.117306107
ARE,abu-dhabi,16:30.0,45.6,10,7.9,15,10,16:30.0,9.400530236,9.410524383,-0.009994147
ARE,abu-dhabi,16:30.0,30.1,10,10.1,10,10,31:30.0,9.323546761,9.260285204,0.063261557
ARE,abu-dhabi,16:30.0,20.1,9,8.4,7,9,31:30.0,8.966768695,8.908453998,0.058314697
ARE,abu-dhabi,31:30.0,23.4,8,8.6,7,7,31:30.0,8.898868191,8.853868576,0.044999615
ARE,abu-dhabi,46:30.0,4.8,4,1.7,1,4,46:30.0,8.476498875,8.604681086,-0.128182211
ARE,abu-dhabi,01:30.0,0,1,0,0,1,01:30.0,8.178451993,8.381436078,-0.202984085
ARE,abu-dhabi,01:30.0,2.4,2,0.8,1,2,01:30.0,8.189408954,8.396017709,-0.206608755
ARE,abu-dhabi,01:30.0,1.5,3,0.2,1,3,16:30.0,8.525373109,8.72995371,-0.204580602
ARE,abu-dhabi,01:00.0,35.3,5,2.8,11,5,01:30.0,8.779383425,8.903491411,-0.124107986
ARE,abu-dhabi,01:00.0,26.8,8,3.2,9,8,01:00.0,9.294099121,9.462002275,-0.167903154
ARE,abu-dhabi,01:00.0,53.6,11,5,19,11,01:00.0,9.696983044,9.858538683,-0.161555639
ARE,abu-dhabi,01:00.0,79.8,13,10.3,32,14,01:00.0,10.05577421,10.32317633,-0.267402121
ARE,abu-dhabi,01:00.0,171.7,16,21.7,57,16,01:00.0,10.20751576,10.50923913,-0.301723369
ARE,abu-dhabi,01:00.0,295.1,19,41.2,95,19,01:00.0,10.45717201,10.69197698,-0.234804975
ARE,abu-dhabi,01:00.0,327.8,22,44.9,102,22,01:00.0,10.61043444,10.55887486,0.051559571
ARE,abu-dhabi,46:00.0,397.1,21,52.8,114,22,46:00.0,10.49140182,10.46595753,0.025444284
ARE,abu-dhabi,46:00.0,276.4,17,38.3,82,17,46:00.0,10.04530663,9.957956804,0.087349827
ARE,abu-dhabi,46:00.0,75.5,11,13.1,28,11,46:00.0,9.513818667,9.552123834,-0.038305167
ARE,abu-dhabi,01:00.0,49.5,9,5.5,18,9,01:30.0,9.371658544,9.475689679,-0.104031135
ARE,abu-dhabi,01:30.0,113.9,11,14.4,39,11,01:30.0,9.778618956,9.84035998,-0.061741024
ARE,abu-dhabi,01:30.0,95.9,10,10.1,27,11,01:30.0,9.440654636,9.880988772,-0.440334136
ARE,abu-dhabi,46:30.0,106.3,11,16.3,33,11,31:30.0,9.468696035,10.00755194,-0.538855902
ARE,abu-dhabi,01:30.0,57.7,9,7,20,11,31:30.0,9.345122709,9.865782106,-0.520659397
ARE,abu-dhabi,01:30.0,48.4,9,5.7,19,9,01:30.0,9.306763488,9.486376441,-0.179612953
ARE,abu-dhabi,01:30.0,44.1,9,8.9,14,9,01:30.0,9.257210163,9.417498138,-0.160287975
ARE,abu-dhabi,16:30.0,51.8,8,11.8,18,9,16:30.0,9.257037287,9.423925011,-0.166887724
ARE,abu-dhabi,16:30.0,36.7,7,8.5,13,7,01:30.0,8.885106605,9.24406053,-0.358953925
ARE,abu-dhabi,16:30.0,36.7,5,7,11,6,46:30.0,8.422790512,8.695233605,-0.272443093
ARE,abu-dhabi,16:30.0,20.2,4,5.5,6,4,46:30.0,8.167647116,8.252693667,-0.085046551
ARE,abu-dhabi,46:30.0,10.5,3,6.3,5,2,01:30.0,8.082056697,8.24167039,-0.159613694
ARE,abu-dhabi,01:30.0,3,2,1.1,2,3,16:30.0,8.387820097,8.580584855,-0.192764757
ARE,abu-dhabi,01:30.0,6.6,2,1.2,2,2,01:30.0,8.445450209,8.666225832,-0.220775624
ARE,abu-dhabi,01:30.0,3,2,1.7,1,3,01:30.0,8.562982337,8.788590898,-0.225608561
ARE,abu-dhabi,01:00.0,8.7,4,1.1,4,5,31:30.0,8.710473477,8.874433434,-0.163959958
ARE,abu-dhabi,01:00.0,26.6,6,4.1,9,6,01:00.0,9.199704546,9.356782544,-0.157077998
ARE,abu-dhabi,01:00.0,27.5,9,3.2,12,10,01:00.7,9.608316146,9.753058411,-0.144742265
ARE,abu-dhabi,01:00.0,73,12,11.7,28,13,01:00.0,9.980877183,10.21502096,-0.234143774
ARE,abu-dhabi,01:00.0,189.8,15,21.9,65,15,01:00.0,10.29357042,10.55484131,-0.26127089
ARE,abu-dhabi,01:00.0,210.5,19,25.8,62,20,01:00.0,10.67882781,10.95080697,-0.271979159
ARE,abu-dhabi,01:00.0,469.2,27,68.6,123,30,01:00.0,11.18688315,11.14357338,0.043309761
ARE,abu-dhabi,31:00.0,548.8,27,78.9,150,30,31:00.0,11.20429729,11.24950337,-0.04520608
ARE,abu-dhabi,46:00.0,465.7,24,60.8,121,25,46:00.0,10.86386175,10.89133849,-0.027476744
ARE,abu-dhabi,46:00.0,162.9,14,19.2,47,16,46:00.0,9.902042078,10.2299933,-0.327951218
ARE,abu-dhabi,01:00.0,88.3,12,11,30,11,01:00.0,9.733899426,10.09331358,-0.359414152
ARE,abu-dhabi,01:00.0,107.9,12,10.5,33,13,01:00.0,9.863244726,10.07600008,-0.212755357
ARE,abu-dhabi,01:00.0,136.5,13,15.3,39,14,16:00.0,9.923408012,10.12953034,-0.20612233
ARE,abu-dhabi,01:00.0,122.2,13,13.5,33,14,01:30.0,9.97653022,10.16975515,-0.19322493
ARE,abu-dhabi,46:00.0,168.9,13,22.1,47,14,31:30.0,9.897717207,10.1052491,-0.20753189
ARE,abu-dhabi,16:30.0,69.3,12,10.7,21,12,16:30.0,9.730486705,9.962661259,-0.232174555
ARE,abu-dhabi,31:30.0,105.4,10,17.2,30,11,31:30.0,9.436197565,9.757665372,-0.321467807
ARE,abu-dhabi,01:30.0,72.9,8,14.6,19,9,01:30.0,8.811934318,9.587852578,-0.775918259
ARE,abu-dhabi,31:30.0,77.3,6,13.5,20,8,46:30.0,8.429646435,9.035690575,-0.60604414
ARE,abu-dhabi,01:30.0,61.4,5,14.2,18,8,46:30.0,8.180457405,8.4420127,-0.261555295
ARE,abu-dhabi,46:30.0,49.5,4,14.7,17,5,46:30.0,7.997903258,8.180118113,-0.182214855
ARE,abu-dhabi,31:30.0,5.2,3,2,2,3,46:30.0,8.173692601,8.361959598,-0.188266997
ARE,abu-dhabi,46:30.0,0,2,0,0,2,01:30.0,8.342046372,8.57020884,-0.228162469
ARE,abu-dhabi,01:30.0,9,2,1.9,3,2,16:30.0,8.426829459,8.641490029,-0.21466057
ARE,abu-dhabi,01:30.0,10.7,2,1,4,2,01:30.0,8.532597473,8.796664685,-0.264067212
ARE,abu-dhabi,01:30.0,13.8,3,0.8,4,4,01:30.0,8.763364003,8.965527621,-0.202163618
ARE,abu-dhabi,01:30.0,8.4,6,1.5,2,6,01:30.0,9.280219883,9.41173621,-0.131516327
ARE,abu-dhabi,01:00.0,32,9,3.7,11,9,01:00.0,9.700630421,9.796248303,-0.095617882
ARE,abu-dhabi,01:00.0,56.4,12,8.8,22,13,01:00.0,10.00272856,10.19902124,-0.196292681
ARE,abu-dhabi,01:00.0,107.5,15,14.3,41,15,01:00.0,10.40060968,10.597715,-0.197105323
ARE,abu-dhabi,01:00.0,154,18,21.1,55,21,01:00.0,10.71074101,10.99665352,-0.285912515
ARE,abu-dhabi,01:00.0,322.4,24,49.7,104,30,01:00.0,11.01928296,11.20976541,-0.190482444
ARE,abu-dhabi,46:00.0,386.3,25,51.2,112,31,46:00.0,11.02417798,11.24082025,-0.216642272
ARE,abu-dhabi,46:00.0,348,22,45.9,101,27,46:00.0,10.74176997,10.94079455,-0.199024574
ARE,abu-dhabi,46:00.0,147.6,14,17.6,45,16,46:00.0,9.956563333,10.30181537,-0.345252042
ARE,abu-dhabi,01:00.0,72.4,11,7.9,27,12,01:00.0,9.626117036,10.07129397,-0.445176937
ARE,abu-dhabi,01:00.0,120.7,13,12,40,14,01:00.0,9.992853378,10.14780859,-0.154955208
ARE,abu-dhabi,31:00.0,109.7,13,15.2,36,14,16:00.0,10.02464395,10.15374304,-0.129099093
ARE,abu-dhabi,31:00.0,137.4,14,18.9,46,15,16:30.0,10.02604572,10.19072682,-0.164681104
ARE,abu-dhabi,46:30.0,131,13,16.5,39,14,31:30.0,9.94313218,10.13953204,-0.196399856
ARE,abu-dhabi,46:30.0,101.7,12,10.1,23,13,46:30.0,9.807007895,10.05137471,-0.244366814
ARE,abu-dhabi,31:30.0,64.9,10,10.3,19,11,16:30.0,9.447536985,9.887972497,-0.440435512
ARE,abu-dhabi,16:30.0,68.8,8,8.9,20,11,16:30.0,8.947995657,9.843426013,-0.895430356
ARE,abu-dhabi,31:30.0,47.7,7,15.1,16,8,46:30.0,8.576781113,9.185050881,-0.608269768
ARE,abu-dhabi,01:30.0,41.6,5,10.2,13,8,46:30.0,8.244703333,8.522882215,-0.278178882
ARE,abu-dhabi,31:30.0,36.4,4,8.6,12,5,46:30.0,8.031120192,8.199113044,-0.167992852
ARE,abu-dhabi,46:30.0,13.2,3,6.4,6,2,31:30.0,8.10395149,8.289856444,-0.185904954
ARE,abu-dhabi,01:30.0,0,2,0,0,2,01:30.0,8.335698256,8.546578256,-0.21088
ARE,abu-dhabi,01:30.0,0,2,0,0,2,01:30.0,8.552320579,8.795055753,-0.242735174
ARE,abu-dhabi,01:30.0,4.9,3,1.5,2,3,31:30.0,8.738904499,8.937538181,-0.198633682
ARE,abu-dhabi,01:30.0,18.1,4,1.5,7,4,01:30.0,8.926519064,9.056233698,-0.129714634
ARE,abu-dhabi,01:30.0,13.2,6,1.1,6,6,01:30.0,9.265666328,9.375236067,-0.109569739
ARE,abu-dhabi,01:00.0,28.6,9,2.2,8,9,01:00.0,9.759297049,9.85599878,-0.096701731
ARE,abu-dhabi,01:00.0,81.8,13,10.3,26,13,01:00.0,10.15394781,10.30440079,-0.150452977
ARE,abu-dhabi,01:00.0,148.7,16,18,53,15,01:00.0,10.59308952,10.69484567,-0.101756148
ARE,abu-dhabi,01:00.0,224.5,22,26.6,72,21,01:00.0,11.03862225,10.99868745,0.039934803
ARE,abu-dhabi,01:00.0,497.7,29,67.9,138,31,01:00.0,11.48966958,11.29969902,0.189970558
ARE,abu-dhabi,46:00.0,597.6,29,81.4,168,32,46:00.0,11.44116044,11.24564274,0.195517693
ARE,abu-dhabi,46:00.0,501.9,25,64.1,127,26,46:00.0,11.04417469,10.94662796,0.097546728
ARE,abu-dhabi,46:00.0,221.8,16,27.5,70,16,46:00.0,10.1792548,10.34498677,-0.16573197
ARE,abu-dhabi,01:00.0,108.6,16,19.2,34,12,01:00.0,10.16723499,10.16899988,-0.001764892
ARE,abu-dhabi,46:00.3,102.2,17,18.3,29,13,01:30.0,10.26881961,10.16249691,0.106322706
ARE,abu-dhabi,01:30.0,147.5,14,16.8,40,14,01:30.0,10.12523102,10.26194106,-0.13671004
ARE,abu-dhabi,16:30.0,189.5,15,27.5,59,15,16:30.0,10.25127336,10.35128583,-0.100012464
ARE,abu-dhabi,46:30.0,155.1,14,15.9,38,14,16:30.0,10.11063794,10.28163773,-0.170999796
ARE,abu-dhabi,31:30.0,92.2,12,11.5,32,12,01:30.0,9.706700772,9.994713208,-0.288012436
ARE,abu-dhabi,16:30.0,87.6,10,15.2,25,12,31:30.0,9.42298319,9.95286678,-0.529883589
ARE,abu-dhabi,01:30.0,87.2,9,18.4,25,10,01:30.0,8.981318819,9.86308676,-0.881767941
ARE,abu-dhabi,46:30.0,52.6,8,10.4,16,9,46:30.0,8.722359936,9.579575703,-0.857215767
ARE,abu-dhabi,31:30.0,50.9,4,13.4,16,5,46:30.0,7.980213512,8.157318437,-0.177104926
ARE,abu-dhabi,46:30.0,13.1,3,4.1,4,2,31:30.0,8.074847856,8.267054496,-0.19220664
ARE,abu-dhabi,01:30.0,0,2,0,0,2,01:30.0,8.457803099,8.708371189,-0.25056809
ARE,abu-dhabi,01:30.0,1.5,2,2.1,1,3,16:30.0,8.460303953,8.684406633,-0.22410268
ARE,abu-dhabi,01:30.0,1.5,2,0.1,1,2,01:30.0,8.707978364,8.988166516,-0.280188153
ARE,abu-dhabi,01:30.0,13.1,3,3.5,5,3,01:30.0,8.717670532,8.95504668,-0.237376148
ARE,abu-dhabi,01:30.0,8.6,6,1.5,4,6,01:30.0,9.259698715,9.440542973,-0.180844257
ARE,abu-dhabi,01:00.0,19,9,1.7,10,8,01:00.0,9.655644418,9.782928193,-0.127283776
ARE,abu-dhabi,01:00.0,46.7,11,5,17,12,01:00.0,9.929241278,10.13336071,-0.20411943
ARE,abu-dhabi,01:00.0,100.9,14,9.3,39,15,01:00.0,10.3866177,10.59140712,-0.204789423
ARE,abu-dhabi,01:00.0,162.6,19,19.2,59,22,01:00.0,10.75117968,10.8979262,-0.146746518
ARE,abu-dhabi,01:00.0,427.9,28,60.2,125,31,01:00.0,11.51037798,11.22405143,0.286326554
ARE,abu-dhabi,31:00.0,571.9,30,79.3,158,31,46:00.0,11.64864773,11.26702182,0.381625908
ARE,abu-dhabi,46:00.0,597.5,28,72.9,157,26,46:00.0,11.47187145,10.948448,0.523423444
ARE,abu-dhabi,46:00.0,263.1,22,40.4,78,16,46:00.0,10.86575056,10.40890768,0.456842878
ARE,abu-dhabi,46:00.0,107.9,17,16.4,26,13,31:00.0,10.34623779,10.25792709,0.088310703
ARE,abu-dhabi,01:00.0,96.9,13,10.6,28,13,01:00.0,10.00004322,10.11006732,-0.110024095
ARE,abu-dhabi,16:00.0,131.1,14,14.8,36,14,01:00.0,10.15827688,10.24921719,-0.09094031
ARE,abu-dhabi,01:30.0,122,14,13.7,35,15,01:30.0,10.08080775,10.17798754,-0.097179791
ARE,abu-dhabi,16:30.0,98.4,13,10.7,28,14,16:00.0,9.946676747,10.11914581,-0.172469062
ARE,abu-dhabi,01:30.0,63.7,11,11.2,23,13,16:30.0,9.547980344,9.879991547,-0.332011203
ARE,abu-dhabi,31:30.0,48.1,11,9.5,16,12,16:30.0,9.507135079,9.955931469,-0.44879639
ARE,abu-dhabi,31:00.0,76.4,10,16.7,24,12,31:30.0,9.161241201,10.06716801,-0.905926814
ARE,abu-dhabi,16:30.0,46.4,7,4.6,16,10,46:30.0,8.44793043,8.872762422,-0.424831992
ARE,abu-dhabi,46:30.0,56.2,5,13.2,20,5,46:30.0,8.038437362,8.195477154,-0.157039792
ARE,abu-dhabi,16:30.0,20.7,4,3.6,7,5,46:30.0,7.91276089,8.042079093,-0.129318203
ARE,abu-dhabi,31:30.0,4.1,2,2.3,2,2,46:30.0,7.909377945,8.116703444,-0.207325499
ARE,abu-dhabi,01:30.0,13.4,1,2.6,3,1,01:30.0,8.148395697,8.360001257,-0.211605559
ARE,abu-dhabi,01:30.0,32,1,4.4,4,2,31:30.0,8.192924542,8.404051919,-0.211127377
ARE,abu-dhabi,01:30.0,15.3,2,1.8,4,2,01:30.0,8.262519002,8.444093212,-0.18157421
ARE,abu-dhabi,01:30.0,14.9,3,1.8,4,3,01:30.0,8.375892622,8.540327781,-0.164435159
ARE,abu-dhabi,01:30.0,11.2,5,1.5,5,5,01:30.0,8.746009951,8.904485711,-0.15847576
ARE,abu-dhabi,01:00.0,33.8,8,3.1,13,8,01:00.0,9.219834678,9.341819935,-0.121985257
ARE,abu-dhabi,01:00.0,87,12,7.8,29,12,01:00.0,9.625562995,9.75174844,-0.126185446
ARE,abu-dhabi,01:00.0,114.4,13,15.4,50,14,01:00.0,9.9044052,10.12412314,-0.219717936
ARE,abu-dhabi,01:00.0,119.7,15,12.6,42,17,01:00.0,10.07274252,10.30188676,-0.229144233
ARE,abu-dhabi,16:00.0,187.3,17,23.9,65,19,01:00.0,10.25470696,10.33293132,-0.078224361
ARE,abu-dhabi,01:00.0,237.8,16,24.7,67,19,01:00.0,10.20065713,10.26599955,-0.065342419
ARE,abu-dhabi,46:00.0,202.8,16,21,60,18,46:00.0,10.16073615,10.2021614,-0.041425253
ARE,abu-dhabi,31:00.0,131.3,14,17.9,41,16,46:00.0,9.916867253,9.902995101,0.013872152
ARE,abu-dhabi,46:00.0,71.3,10,10.1,27,11,46:00.0,9.579452207,9.635521969,-0.056069762
ARE,abu-dhabi,01:00.0,37.4,8,3.7,13,9,01:00.0,9.372822425,9.466023561,-0.093201135
ARE,abu-dhabi,01:00.0,67,9,4.5,16,10,16:30.0,9.479319821,9.576567282,-0.097247461
ARE,abu-dhabi,46:00.0,59.4,9,5.1,19,9,01:00.0,9.46926205,9.576763367,-0.107501316
ARE,abu-dhabi,01:30.0,30.1,9,2.9,12,9,01:30.0,9.444662187,9.598160456,-0.153498269
ARE,abu-dhabi,16:30.0,28,8,6.5,11,9,31:30.0,9.41263965,9.598098216,-0.185458567
ARE,abu-dhabi,01:30.0,26.7,7,2.6,7,9,31:30.0,9.257362587,9.451138461,-0.193775874
ARE,abu-dhabi,01:30.0,17.4,8,4.8,6,7,01:30.0,9.245929319,9.330363705,-0.084434385
ARE,abu-dhabi,31:30.0,28,8,10.2,9,7,01:00.0,9.213690141,9.243917678,-0.030227537
ARE,abu-dhabi,31:30.0,35.9,9,13.7,10,8,01:00.0,9.283357872,9.173458662,0.10989921
ARE,abu-dhabi,01:30.0,22.4,8,10.1,6,8,16:30.0,8.899649216,8.81968388,0.079965336
ARE,abu-dhabi,46:30.0,27.7,7,9.9,9,7,46:30.0,8.823499159,8.754878522,0.068620637
ARE,abu-dhabi,31:30.0,2.1,2,0.6,1,3,46:30.0,8.273997871,8.493719604,-0.219721732
ARE,abu-dhabi,01:30.0,14,1,1.2,4,2,01:30.0,8.06548206,8.263055379,-0.197573319
ARE,abu-dhabi,01:30.0,1.2,2,0.2,1,1,01:30.0,8.244146865,8.430481448,-0.186334583
ARE,abu-dhabi,01:30.0,3.7,2,0.1,1,3,01:30.0,8.335636333,8.55619524,-0.220558907
ARE,abu-dhabi,01:30.0,16.3,5,1.3,7,5,01:30.0,8.652247961,8.750797795,-0.098549833
ARE,abu-dhabi,01:30.0,19.4,7,3.6,7,7,01:00.0,9.060648947,9.232202982,-0.171554035
ARE,abu-dhabi,01:00.0,68.4,10,7.9,18,11,01:00.0,9.533848015,9.725942411,-0.192094396
ARE,abu-dhabi,01:00.0,90.6,13,11.9,30,14,01:00.0,9.92573272,10.14701664,-0.221283925
ARE,abu-dhabi,01:00.0,129.6,15,15.5,48,16,01:00.0,10.15216267,10.43607308,-0.283910418
ARE,abu-dhabi,01:00.0,204.5,17,23.9,69,18,01:00.0,10.30687831,10.53627899,-0.229400681
ARE,abu-dhabi,01:00.0,258.7,19,31.7,76,19,01:00.0,10.46236902,10.44134577,0.021023243
ARE,abu-dhabi,46:00.0,243.6,19,34.4,72,19,31:00.0,10.4510952,10.38005879,0.071036411
ARE,abu-dhabi,46:00.0,229.7,18,39.7,73,17,31:00.0,10.25894632,10.09397946,0.164966864
ARE,abu-dhabi,46:00.0,111.7,12,14.2,37,13,46:00.0,9.647489293,9.670435515,-0.022946222
ARE,abu-dhabi,01:30.0,85.5,10,8.2,28,11,01:00.0,9.561007735,9.636125666,-0.075117932
ARE,abu-dhabi,01:30.0,86.1,11,10.1,29,13,01:00.0,9.688656063,9.733703394,-0.045047332
ARE,abu-dhabi,31:30.0,124.1,12,16.4,36,15,01:30.0,9.762759892,9.788834827,-0.026074935
ARE,abu-dhabi,01:30.0,63.7,12,9.3,24,20,01:30.0,9.74193985,9.851487589,-0.109547739
ARE,abu-dhabi,16:30.0,59.2,12,7.2,18,23,01:30.0,9.802659994,9.870855294,-0.0681953
ARE,abu-dhabi,31:30.0,56.8,11,8.6,17,24,01:30.0,9.646040096,9.713439981,-0.067399884
ARE,abu-dhabi,16:30.0,40,10,8.3,12,29,16:30.0,9.498728122,9.511546129,-0.012818007
ARE,abu-dhabi,31:30.0,31.8,10,9.9,9,26,46:30.0,9.330220313,9.269802286,0.060418027
ARE,abu-dhabi,31:30.0,36.6,9,11.8,12,15,46:30.0,9.032883428,8.96394345,0.068939977
ARE,abu-dhabi,31:30.0,20.5,7,5.7,6,12,01:30.0,8.772791383,8.793031573,-0.020240189
ARE,abu-dhabi,46:30.0,5.6,4,2,2,11,46:30.0,8.428842319,8.570620808,-0.141778489
ARE,abu-dhabi,01:30.0,4.2,1,0.4,1,3,16:30.0,8.282588418,8.481630758,-0.19904234
ARE,abu-dhabi,01:30.0,0,2,0,0,2,01:30.0,8.516353956,8.699623023,-0.183269067
ARE,abu-dhabi,16:30.0,3.6,3,0.5,2,2,01:30.0,8.555676399,8.754069693,-0.198393294
ARE,abu-dhabi,01:30.0,15.2,5,1.1,8,4,01:00.0,8.851029075,8.947083202,-0.096054127
ARE,abu-dhabi,01:00.0,10.8,8,1.4,6,8,01:00.0,9.29210234,9.463005704,-0.170903364
ARE,abu-dhabi,01:00.0,39.2,11,4.3,14,12,01:00.0,9.746879944,9.940762473,-0.193882529
ARE,abu-dhabi,01:00.0,106.4,14,9.8,34,15,01:00.0,10.23564099,10.44238797,-0.206746981
ARE,abu-dhabi,01:00.0,184.4,16,26,66,18,01:00.0,10.44949179,10.69653078,-0.247038997
ARE,abu-dhabi,01:00.0,212.6,19,27.6,81,21,01:00.0,10.51300988,10.7220227,-0.209012822
ARE,abu-dhabi,01:00.0,369.8,22,46.3,120,25,01:00.0,10.63340529,10.54324475,0.090160542
ARE,abu-dhabi,46:00.0,386.3,22,52.6,123,25,46:00.0,10.59955675,10.49617392,0.103382831
ARE,abu-dhabi,46:00.0,229.6,17,34,70,20,46:00.0,10.10935635,10.09061507,0.018741282
ARE,abu-dhabi,46:00.0,69.4,11,8.9,20,13,46:00.0,9.52576721,9.590334802,-0.064567592
ARE,abu-dhabi,01:30.0,54.7,9,8.5,19,10,01:30.0,9.46008072,9.591225009,-0.131144289
ARE,abu-dhabi,01:30.0,84.9,11,8.7,31,13,01:30.0,9.862649831,9.984739307,-0.122089476
ARE,abu-dhabi,01:30.0,103.2,11,9.2,25,18,01:30.0,9.521870679,9.94799955,-0.426128871
ARE,abu-dhabi,31:30.0,98.5,11,12,28,17,46:30.0,9.543296067,10.15030921,-0.607013146
ARE,abu-dhabi,01:30.0,54.5,9,6.9,19,11,46:30.0,9.329688348,9.550986584,-0.221298236
ARE,abu-dhabi,01:30.0,42.5,9,7.8,14,10,01:30.0,9.375249024,9.491494184,-0.11624516
ARE,abu-dhabi,16:30.0,58.4,9,11.2,20,10,01:30.0,9.412024903,9.548626307,-0.136601404
ARE,abu-dhabi,01:30.0,51.7,7,11.3,19,15,16:30.0,8.819498885,9.157397932,-0.337899048
ARE,abu-dhabi,46:30.0,49.8,6,10.1,18,10,46:30.0,8.58168727,8.955489179,-0.373801909
ARE,abu-dhabi,01:30.0,45.8,4,8.3,13,10,46:30.0,8.184026913,8.3630649,-0.179037987
ARE,abu-dhabi,46:30.0,45.7,4,9,13,5,46:30.0,8.07295356,8.196450785,-0.123497224
ARE,abu-dhabi,01:30.0,0,2,0,0,3,46:30.0,8.067434587,8.277138093,-0.209703506
ARE,abu-dhabi,16:30.0,2.4,3,0.2,1,2,01:30.0,8.374241442,8.527814137,-0.153572695
ARE,abu-dhabi,01:30.0,0,2,0,0,2,01:30.0,8.604240663,8.829628886,-0.225388224
ARE,abu-dhabi,01:30.0,5.5,3,1.4,2,3,01:30.0,8.636871715,8.806433194,-0.169561479
ARE,abu-dhabi,31:30.0,23.1,5,2.5,5,3,01:00.0,8.767075666,8.787107643,-0.020031976
ARE,abu-dhabi,01:00.0,30,6,3.7,10,6,01:00.0,9.28246962,9.425486524,-0.143016904
ARE,abu-dhabi,01:00.7,37.3,10,2.5,15,10,01:00.0,9.737452041,9.841954552,-0.104502511
ARE,abu-dhabi,01:00.0,122.2,13,13.5,38,13,01:00.0,10.11010965,10.25980248,-0.14969283
ARE,abu-dhabi,01:00.0,119.2,15,12.1,44,19,01:00.0,10.42307755,10.6269705,-0.203892947
ARE,abu-dhabi,01:00.0,230.6,20,29.6,74,23,01:00.0,10.76146323,10.91057694,-0.149113716
ARE,abu-dhabi,01:00.0,516.4,30,74.2,148,36,01:00.0,11.42903881,11.12102081,0.308018001
ARE,abu-dhabi,31:00.0,601.2,30,86.1,167,37,46:03.7,11.3865364,11.14547085,0.241065549
ARE,abu-dhabi,46:00.0,551.3,25,70.9,138,33,46:00.0,10.92470203,10.82746061,0.09724142
ARE,abu-dhabi,46:00.0,177.6,16,19.9,50,21,46:00.0,10.1110332,10.29591076,-0.184877561
ARE,abu-dhabi,01:00.0,54.3,11,5.9,17,16,31:00.0,9.704959555,10.08192235,-0.376962797
ARE,abu-dhabi,01:00.0,98.8,13,13.4,32,15,31:00.0,10.0127942,10.15937439,-0.146580187
ARE,abu-dhabi,16:00.0,117.7,14,12,36,15,16:30.0,10.11513424,10.2389762,-0.123841957
ARE,abu-dhabi,01:30.0,142.4,14,17.2,42,15,01:00.0,10.10584397,10.22077151,-0.114927539
ARE,abu-dhabi,31:30.0,99.6,14,14,27,14,01:30.0,9.950044395,10.09657418,-0.146529786
ARE,abu-dhabi,16:30.0,63.4,12,12.5,22,13,01:30.0,9.690845872,9.892894677,-0.202048805
ARE,abu-dhabi,31:30.0,74.4,11,13.7,23,18,01:30.0,9.48244426,9.715703152,-0.233258892
ARE,abu-dhabi,01:30.0,80.9,9,13.2,26,25,16:30.0,8.957348995,9.606193243,-0.648844248
ARE,abu-dhabi,46:30.0,79.4,8,12.7,26,18,46:30.0,8.768572502,9.442550149,-0.673977646
ARE,abu-dhabi,46:30.0,62.8,5,13.1,18,7,46:30.0,8.109689862,8.253990626,-0.144300765
ARE,abu-dhabi,46:30.0,14.2,3,4.9,6,3,46:30.0,8.007947839,8.180549302,-0.172601464
ARE,abu-dhabi,01:30.0,10.4,2,0.3,2,2,01:30.0,8.520537464,8.726329223,-0.205791759
ARE,abu-dhabi,16:30.0,0,2,0,0,3,16:30.0,8.484584658,8.759039729,-0.27445507
ARE,abu-dhabi,01:30.0,12.9,2,3,4,3,01:30.0,8.672994659,8.926679821,-0.253685162
ARE,abu-dhabi,01:30.0,23.1,4,3,7,3,01:30.0,8.74342655,8.934414831,-0.190988282
ARE,abu-dhabi,01:30.0,10,6,1.7,3,6,01:00.0,9.123361472,9.29843205,-0.175070578
ARE,abu-dhabi,01:00.0,30.4,9,5.5,12,9,01:00.0,9.666594234,9.771875711,-0.105281477
ARE,abu-dhabi,01:00.0,79.7,13,8.1,28,13,01:00.0,10.18085953,10.29643636,-0.115576829
ARE,abu-dhabi,01:00.0,144.9,15,16.4,45,17,01:00.0,10.47394363,10.64041971,-0.166476077
ARE,abu-dhabi,01:00.0,217.8,21,25,71,25,01:00.0,10.86867288,10.9226302,-0.053957318
ARE,abu-dhabi,01:00.0,456.9,30,59.6,128,37,01:00.0,11.59369228,11.20510097,0.388591318
ARE,abu-dhabi,46:00.0,589.4,31,74,161,37,46:00.0,11.63079753,11.21066875,0.420128773
ARE,abu-dhabi,31:00.0,626.6,30,83.1,167,37,46:00.0,11.53451382,11.2260678,0.308446022
ARE,abu-dhabi,46:00.0,516.6,27,71.1,130,32,46:00.0,11.22258793,10.93981549,0.282772439
ARE,abu-dhabi,46:00.0,190.8,16,24.7,51,20,46:00.0,10.20551142,10.3246456,-0.119134173
ARE,abu-dhabi,01:00.0,76.1,12,10.9,24,18,31:00.0,9.766458949,10.09692332,-0.330464366
ARE,abu-dhabi,01:00.0,93.6,14,11.5,32,16,46:00.0,10.18761825,10.20678932,-0.019171075
ARE,abu-dhabi,16:00.0,98.9,14,16.3,32,15,01:30.0,10.22744959,10.28876547,-0.061315878
ARE,abu-dhabi,01:00.0,112.4,13,14.4,40,15,01:30.0,10.07043701,10.23605906,-0.165622047
ARE,abu-dhabi,16:30.0,126.8,15,15.2,38,17,16:30.0,10.18454466,10.25162568,-0.067081017
ARE,abu-dhabi,31:30.0,124.1,14,15,41,17,46:00.0,9.99113278,10.1055749,-0.114442117
ARE,abu-dhabi,46:30.0,100.7,13,13.1,32,14,01:30.0,9.842741038,9.988811814,-0.146070776
ARE,abu-dhabi,16:30.0,49.8,11,7.9,17,17,01:30.0,9.538734194,9.875944698,-0.337210504
ARE,abu-dhabi,16:30.0,76.8,11,12.3,23,23,16:30.0,9.286721342,9.911697966,-0.624976624
ARE,abu-dhabi,46:30.0,96.2,8,18.9,30,18,46:30.0,8.830009687,9.545290904,-0.715281217
ARE,abu-dhabi,46:30.0,49,5,10.2,15,6,46:30.0,8.106807315,8.278802268,-0.171994954
ARE,abu-dhabi,31:30.0,5.6,2,1.1,2,3,46:30.0,7.980881107,8.184078579,-0.203197472
ARE,abu-dhabi,01:30.0,19,2,4.2,4,2,46:30.0,8.309611826,8.529296063,-0.219684237
ARE,abu-dhabi,01:30.0,0,2,0,0,2,01:30.0,8.504318262,8.736768574,-0.232450313
ARE,abu-dhabi,31:30.0,0,3,0,0,3,01:30.0,8.657728098,8.850957062,-0.193228964
ARE,abu-dhabi,01:30.0,20.4,4,1.5,4,3,01:30.0,8.978076033,9.180408717,-0.202332684
ARE,abu-dhabi,01:30.0,14.6,6,2.4,8,5,01:30.0,9.168135017,9.341672315,-0.173537298
ARE,abu-dhabi,01:00.0,37.7,9,2.7,13,8,01:00.0,9.616989079,9.77343504,-0.156445961
ARE,abu-dhabi,01:00.0,85.3,13,7.4,27,12,01:00.0,10.24408144,10.35034752,-0.106266081
ARE,abu-dhabi,01:00.0,95.9,15,10.9,39,19,01:00.0,10.42295644,10.59630319,-0.173346753
ARE,abu-dhabi,01:00.0,228.2,21,29.7,74,27,01:00.0,11.00887424,11.05641678,-0.047542539
ARE,abu-dhabi,01:00.0,544.3,31,74.7,152,36,01:00.0,11.72872805,11.30478286,0.42394519
ARE,abu-dhabi,46:00.0,626.9,32,84.2,163,37,46:00.0,11.72623291,11.2502751,0.475957803
ARE,abu-dhabi,46:00.0,555.3,26,69,146,31,46:00.0,11.16568597,10.9108464,0.254839574
ARE,abu-dhabi,46:00.0,206.6,16,28.1,52,21,46:00.0,10.17060169,10.29962782,-0.129026136
ARE,abu-dhabi,01:00.0,93.8,12,11.7,30,19,31:00.0,9.733779514,10.0855624,-0.35178289
ARE,abu-dhabi,01:30.0,114.4,13,11.3,31,15,01:30.0,9.959931469,10.10918073,-0.149249257
ARE,abu-dhabi,01:30.0,129.3,14,15.6,37,16,16:00.0,10.12641772,10.22265709,-0.096239367
ARE,abu-dhabi,16:30.0,168.4,15,19.2,53,18,16:00.0,10.15500703,10.24942433,-0.094417295
ARE,abu-dhabi,16:30.0,132.8,14,14.9,38,16,46:30.0,10.03654607,10.21061303,-0.174066957
ARE,abu-dhabi,01:30.0,89.2,12,12.6,29,15,46:30.0,9.571681223,9.818708533,-0.24702731
ARE,abu-dhabi,31:30.0,58.1,12,9.7,18,17,01:30.0,9.586539888,9.880512915,-0.293973027
ARE,abu-dhabi,01:30.0,82.4,10,15.3,27,24,01:00.0,9.136589937,9.937653595,-0.801063657
ARE,abu-dhabi,46:30.0,115.2,9,17.8,34,20,46:30.0,8.956882167,9.716477354,-0.759595188
ARE,abu-dhabi,46:30.0,55.9,5,10.7,14,6,46:30.0,8.062279119,8.236985858,-0.174706739
ARE,abu-dhabi,31:30.0,0,2,0,0,3,46:30.0,7.922891256,8.162484589,-0.239593332
ARE,abu-dhabi,01:30.0,3.1,2,0.2,1,3,01:30.0,8.488146802,8.74796276,-0.259815958
ARE,abu-dhabi,16:30.0,15.8,3,1.1,2,2,01:30.0,8.755717187,8.951184159,-0.195466972
ARE,abu-dhabi,01:30.0,3.4,2,0.1,1,2,01:30.0,8.651401079,8.91139956,-0.259998482
ARE,abu-dhabi,01:30.0,9.8,3,2.2,3,3,01:30.0,8.778445659,9.007490989,-0.22904533
ARE,abu-dhabi,01:30.0,5.6,6,0.2,2,5,01:30.0,9.252860295,9.428536626,-0.175676331
ARE,abu-dhabi,01:00.0,31.3,8,5.3,11,8,01:00.0,9.573310116,9.701875712,-0.128565596
ARE,abu-dhabi,01:00.0,83.6,12,10.4,26,12,01:00.0,10.02430262,10.17324771,-0.148945088
ARE,abu-dhabi,01:00.0,130.5,15,15.1,45,16,01:00.0,10.45643786,10.58602211,-0.129584247
ARE,abu-dhabi,01:00.0,245.1,22,29.1,86,23,01:00.0,11.08111626,10.94628468,0.134831589
ARE,abu-dhabi,01:00.0,606.6,31,83.9,149,38,01:00.0,11.75837058,11.21896242,0.53940816
ARE,abu-dhabi,46:00.0,684.8,31,92.7,164,38,46:00.0,11.69057677,11.14884994,0.541726823
ARE,abu-dhabi,46:00.0,564.1,26,72.3,135,32,46:00.0,11.20196392,10.86019762,0.341766301
ARE,abu-dhabi,46:00.0,242.2,16,26.1,58,21,46:00.0,10.25600467,10.33720351,-0.081198846
ARE,abu-dhabi,31:00.0,130.8,13,16,37,18,31:00.0,9.837061025,10.14196554,-0.30490452
ARE,abu-dhabi,01:00.0,100.7,13,12.4,30,14,01:00.0,9.914551409,10.02669123,-0.112139821
ARE,abu-dhabi,01:00.0,130.2,14,15.1,39,15,01:00.0,10.12073295,10.20701406,-0.086281115
ARE,abu-dhabi,01:30.0,162.4,15,20.4,42,17,01:00.0,10.13209931,10.1776809,-0.045581599
ARE,abu-dhabi,16:00.0,137.8,14,21.2,44,16,01:00.0,9.941075521,10.01236477,-0.071289248
ARE,abu-dhabi,16:30.0,91.2,13,16,29,19,01:00.0,9.729047359,9.854835639,-0.12578828
ARE,abu-dhabi,16:30.0,69.6,12,14.9,27,28,01:00.0,9.592730012,10.01247984,-0.419749826
ARE,abu-dhabi,31:30.0,60.6,12,7.8,19,32,31:00.0,9.377722512,10.07287472,-0.695152212
ARE,abu-dhabi,46:30.0,136.9,10,21.4,38,22,46:00.0,8.949419171,9.68356116,-0.734141989
ARE,abu-dhabi,46:30.0,47.2,5,9.5,15,6,46:30.0,8.083057321,8.249793802,-0.166736482
ARE,abu-dhabi,31:30.0,37.9,4,8.1,14,6,46:30.0,7.944000877,8.090712953,-0.146712076
ARE,abu-dhabi,46:30.0,12.8,2,2.9,5,3,01:30.0,7.835273569,8.047292798,-0.212019228
ARE,abu-dhabi,01:30.0,0,1,0,0,4,01:30.0,8.160306829,8.398035453,-0.237728624
ARE,abu-dhabi,31:30.0,0.6,2,1.4,1,5,01:30.0,8.246083981,8.422420047,-0.176336067
ARE,abu-dhabi,01:30.0,7.5,2,1,2,6,01:30.0,8.267730663,8.476102015,-0.208371352
ARE,abu-dhabi,01:30.0,10.5,3,0.8,4,11,01:30.0,8.509875686,8.673464232,-0.163588546
ARE,abu-dhabi,01:30.0,29.5,5,2.5,8,12,46:30.0,8.76164071,8.897733637,-0.136092927
ARE,abu-dhabi,01:00.0,37.1,8,3.1,10,13,01:00.0,9.169012755,9.27238739,-0.103374635
ARE,abu-dhabi,01:00.0,116.1,12,11.2,40,18,01:00.0,9.729331102,9.811868208,-0.082537106
ARE,abu-dhabi,01:00.0,110.9,14,10.9,39,24,01:00.0,10.00351893,10.16465942,-0.16114049
ARE,abu-dhabi,01:00.0,234.1,17,28.1,71,25,01:00.0,10.31412455,10.3487097,-0.034585154
ARE,abu-dhabi,01:00.0,266.5,19,32.8,78,25,31:00.0,10.47513701,10.32928914,0.145847869
ARE,abu-dhabi,46:00.0,269.9,18,36.1,85,21,46:00.0,10.3741444,10.24969133,0.124453071
ARE,abu-dhabi,01:00.0,122.5,15,14.7,41,21,46:00.0,10.15607689,10.15810321,-0.002026316
ARE,abu-dhabi,46:00.0,183.5,16,27.2,53,19,01:00.3,10.19512051,10.08387998,0.111240524
ARE,abu-dhabi,46:00.0,58.9,11,8.3,23,19,31:00.0,9.652838002,9.678662459,-0.025824458
ARE,abu-dhabi,01:00.0,42.4,9,3.7,12,18,16:00.0,9.446504196,9.51384556,-0.067341364
ARE,abu-dhabi,16:30.0,56.1,10,7.7,20,16,46:00.0,9.585884249,9.618338323,-0.032454075
ARE,abu-dhabi,01:00.0,46.6,9,3.6,12,13,46:00.0,9.56993692,9.700447894,-0.130510974
ARE,abu-dhabi,01:30.0,54,9,6.1,16,11,16:00.0,9.539994361,9.622493181,-0.08249882
ARE,abu-dhabi,31:30.0,39.8,9,4.5,13,9,16:00.0,9.481966955,9.589701841,-0.107734887
ARE,abu-dhabi,01:30.0,19.6,7,3.2,7,7,01:30.0,9.207342263,9.340482684,-0.13314042
ARE,abu-dhabi,01:00.0,36.4,7,6.7,8,7,01:00.0,9.162855009,9.194990928,-0.032135919
ARE,abu-dhabi,01:00.0,30.7,8,8.8,9,8,16:00.0,8.986266184,8.932883141,0.053383043
ARE,abu-dhabi,16:30.0,17.9,8,4.1,6,8,16:30.0,8.981501459,8.918782613,0.062718847
ARE,abu-dhabi,46:30.0,29.2,7,9,7,6,16:30.0,8.732720192,8.671552489,0.061167704
ARE,abu-dhabi,46:30.0,4.7,3,1.3,2,4,01:30.0,8.339452789,8.491567391,-0.152114602
ARE,abu-dhabi,01:30.0,4.2,2,0.1,1,7,01:30.0,8.257177703,8.451934881,-0.194757177
ARE,abu-dhabi,01:30.0,11,1,3,3,7,01:30.0,8.153332064,8.378795174,-0.22546311
ARE,abu-dhabi,01:30.0,5.4,3,1.5,2,8,01:30.0,8.332870618,8.52635903,-0.193488412
ARE,abu-dhabi,01:30.0,15.7,5,1.7,6,9,01:00.0,8.567327427,8.704189878,-0.136862451
ARE,abu-dhabi,01:00.0,22.8,7,0.9,7,18,01:00.0,9.109241983,9.276510148,-0.167268165
ARE,abu-dhabi,01:00.0,29.5,11,2.4,12,19,31:00.0,9.564367755,9.708418932,-0.144051178
ARE,abu-dhabi,01:00.0,88.8,14,11.7,31,19,01:00.0,10.04722378,10.2396287,-0.192404919
ARE,abu-dhabi,01:00.0,143.7,16,18.7,49,23,01:00.0,10.25902463,10.47822522,-0.219200591
ARE,abu-dhabi,01:00.0,264.3,18,29.8,78,25,01:00.0,10.3917001,10.50591011,-0.114210007
ARE,abu-dhabi,01:00.0,276,19,41.2,91,24,01:00.0,10.42867279,10.34599615,0.082676639
ARE,abu-dhabi,31:00.0,227.3,19,31.7,69,23,31:00.0,10.35280257,10.26832879,0.084473782
ARE,abu-dhabi,31:00.0,240.5,17,33.5,72,22,46:00.0,10.13280468,9.983924373,0.148880309
ARE,abu-dhabi,46:00.0,131.9,13,16.9,44,16,46:00.0,9.818142154,9.796356271,0.021785883
ARE,abu-dhabi,01:00.0,66,11,5.8,23,14,01:00.0,9.686782943,9.685482999,0.001299944
ARE,abu-dhabi,01:00.0,92.2,13,10.6,31,15,46:00.0,9.866033807,9.77172291,0.094310897
ARE,abu-dhabi,01:30.0,103.6,15,11.3,30,14,31:30.0,10.11721844,9.956708756,0.160509685
ARE,abu-dhabi,01:30.0,193.4,20,23.4,54,14,31:30.0,10.69034458,10.04978616,0.640558413
ARE,abu-dhabi,01:30.0,270,23,26.6,62,13,46:30.0,10.87664462,9.923354648,0.953289969
ARE,abu-dhabi,01:30.0,280.4,24,33.5,66,11,46:30.0,10.94259387,9.764419366,1.178174499
ARE,abu-dhabi,16:30.0,285.2,29,28.1,53,9,31:30.0,11.49595824,9.794025767,1.701932477
ARE,abu-dhabi,46:30.0,235,26,24,43,8,31:30.0,11.02805946,9.598156566,1.429902893
ARE,abu-dhabi,46:30.0,137,15,21.6,29,7,01:30.0,9.717749778,9.120304635,0.597445143
ARE,abu-dhabi,01:30.0,56.8,12,4.9,13,7,46:30.0,9.627158464,9.165929691,0.461228773
ARE,abu-dhabi,46:30.0,52.2,11,4.3,13,4,31:30.0,9.432136893,9.004437381,0.427699512
ARE,abu-dhabi,16:30.0,16.5,3,1.1,2,3,16:30.0,8.477042547,8.585051549,-0.108009002
ARE,abu-dhabi,01:30.0,1.6,2,0.1,1,3,01:30.0,8.331833141,8.538857046,-0.207023904
ARE,abu-dhabi,01:30.0,15.9,2,1.7,2,5,01:30.0,8.458123959,8.682438243,-0.224314284
ARE,abu-dhabi,01:00.0,2.2,4,0.3,2,8,01:00.0,8.790309294,8.963667918,-0.173358624
ARE,abu-dhabi,01:00.0,18.9,8,2.4,7,14,01:00.0,9.425542486,9.53882146,-0.113278974
ARE,abu-dhabi,01:00.0,37.4,12,4,14,15,16:00.0,9.917324991,10.00173045,-0.084405456
ARE,abu-dhabi,01:00.0,88.3,15,10,32,16,01:00.0,10.30065896,10.41517986,-0.114520898
ARE,abu-dhabi,01:00.0,179.6,18,23.3,65,22,01:00.0,10.66551822,10.74250984,-0.076991621
ARE,abu-dhabi,01:00.0,295.8,21,36.4,98,24,16:00.0,10.75933946,10.74048342,0.018856039
ARE,abu-dhabi,01:00.0,425,25,55,122,26,01:00.0,10.91852489,10.54172758,0.376797308
ARE,abu-dhabi,46:00.0,440.6,25,58.7,129,25,46:00.0,10.9355124,10.5149899,0.42052251
ARE,abu-dhabi,46:00.0,242.3,20,38.8,76,21,46:00.0,10.39479974,10.09924638,0.295553366
ARE,abu-dhabi,16:00.0,171.7,16,24.6,60,21,46:00.0,10.09462608,9.894549394,0.200076685
ARE,abu-dhabi,46:00.0,136.3,13,15.6,41,14,46:00.0,9.725760245,9.61197559,0.113784655
ARE,abu-dhabi,01:30.0,63.3,10,9.1,21,11,01:00.0,9.533144099,9.559112999,-0.0259689
ARE,abu-dhabi,01:30.0,117.6,13,13.1,44,15,01:30.0,10.05181518,9.943495198,0.108319979
ARE,abu-dhabi,01:30.0,181.9,18,23.6,54,19,01:30.0,10.2449565,10.06198938,0.182967113
ARE,abu-dhabi,46:30.0,178.3,17,26.8,60,19,31:30.0,10.24615639,10.24852566,-0.002369266
ARE,abu-dhabi,46:30.0,63.1,11,8.4,22,13,46:30.0,9.650993777,9.935823487,-0.28482971
ARE,abu-dhabi,01:30.0,65.7,10,11.4,23,11,31:30.0,9.486305372,9.526476547,-0.040171175
ARE,abu-dhabi,01:30.0,32.5,10,7.7,12,10,01:30.0,9.432156382,9.487173348,-0.055016966
ARE,abu-dhabi,16:30.0,97.2,15,20.3,25,15,01:30.0,9.748418508,9.450519965,0.297898543
ARE,abu-dhabi,46:30.0,116.2,10,16,36,13,46:30.0,9.264777612,9.373987765,-0.109210153
ARE,abu-dhabi,46:30.0,40.5,5,10.8,12,5,46:30.0,8.161423856,8.226501776,-0.06507792
ARE,abu-dhabi,46:30.0,27.8,3,5.3,6,3,46:30.0,8.117202819,8.258364442,-0.141161622
ARE,abu-dhabi,01:30.0,11,2,3,2,1,01:30.0,8.708736078,8.868922206,-0.160186128
ARE,abu-dhabi,01:30.0,8.1,2,0.4,1,2,01:30.0,8.605752233,8.820139635,-0.214387402
ARE,abu-dhabi,01:30.0,9.2,3,1.2,2,2,01:00.0,8.722530144,8.923867971,-0.201337826
ARE,abu-dhabi,01:00.0,15,3,1.1,5,4,01:00.0,8.74072527,8.941229709,-0.200504439
ARE,abu-dhabi,01:00.0,15.2,6,2.3,7,7,01:00.0,9.187319779,9.336816287,-0.149496508
ARE,abu-dhabi,01:00.0,36.7,10,4.1,17,10,01:00.0,9.712967705,9.795512403,-0.082544698
ARE,abu-dhabi,01:00.0,66.8,13,7.7,23,13,01:00.0,10.19068305,10.31905005,-0.128366996
ARE,abu-dhabi,01:00.0,164.9,19,20.2,63,17,01:00.0,10.68858044,10.64061626,0.047964171
ARE,abu-dhabi,01:00.0,303.4,23,35.3,96,25,01:00.0,11.08435649,10.92899804,0.155358452
ARE,abu-dhabi,01:00.0,639.8,36,90.9,174,33,01:00.0,11.94252237,11.02972016,0.912802204
ARE,abu-dhabi,46:03.7,831.1,37,115.2,206,35,31:00.0,11.97178121,11.05638551,0.915395696
ARE,abu-dhabi,46:00.0,656.4,33,97.7,166,31,46:00.0,11.63400925,10.80385868,0.830150572
ARE,abu-dhabi,01:00.0,268.1,24,41.3,77,31,46:00.0,10.80869552,10.40006923,0.408626286
ARE,abu-dhabi,46:00.0,269.5,21,38.8,77,20,46:00.0,10.61037568,10.30432212,0.306053568
ARE,abu-dhabi,31:00.0,125.3,16,18.4,39,17,31:00.0,10.12396905,10.16473698,-0.040767935
ARE,abu-dhabi,31:00.0,117.1,15,18.1,35,15,01:00.0,10.03521667,10.06163873,-0.026422064
ARE,abu-dhabi,16:30.0,112.6,15,15.1,37,17,01:00.0,10.16749257,10.17277885,-0.005286274
ARE,abu-dhabi,01:00.0,129.1,15,17,40,18,16:00.0,10.14249097,10.1865644,-0.044073435
ARE,abu-dhabi,01:30.0,117.3,14,12.3,35,18,16:00.0,9.974843427,10.05821247,-0.083369041
ARE,abu-dhabi,01:30.0,97.5,13,13.8,30,16,46:00.0,9.698059524,9.795415497,-0.097355973
ARE,abu-dhabi,01:30.0,92.2,18,17.5,35,14,01:00.0,10.09106217,9.804789613,0.286272559
ARE,abu-dhabi,16:30.0,249.1,25,47.8,59,21,01:00.0,10.63181379,9.960686549,0.671127243
ARE,abu-dhabi,46:30.0,226.3,18,43.6,66,18,46:00.0,10.03148066,9.877134487,0.15434617
ARE,abu-dhabi,46:30.0,127.5,7,18.2,20,5,46:30.0,8.316442408,8.336291646,-0.019849238
ARE,abu-dhabi,46:30.0,8.9,3,1.7,2,2,16:30.0,8.018659509,8.193997299,-0.17533779
ARE,abu-dhabi,01:30.0,13.1,2,3,5,2,01:30.0,8.592007651,8.798515259,-0.206507608
ARE,abu-dhabi,16:30.0,0,3,0,0,2,01:30.0,8.64254121,8.809114325,-0.166573115
ARE,abu-dhabi,01:30.0,0.9,2,2,1,2,01:30.0,8.695568658,8.887080916,-0.191512259
ARE,abu-dhabi,01:30.0,6.7,3,3.2,3,2,01:30.0,8.691389473,8.922568601,-0.231179128
ARE,abu-dhabi,01:30.0,7.5,3,0.8,2,3,01:30.0,8.788466664,9.009468385,-0.22100172
ARE,abu-dhabi,01:00.0,8.6,6,2.2,3,6,01:00.0,9.220697882,9.380643817,-0.159945934
ARE,abu-dhabi,01:00.0,35.6,9,3.9,11,8,01:00.0,9.641601329,9.778596819,-0.136995491
ARE,abu-dhabi,01:00.0,107.8,13,10.2,37,12,01:00.0,10.16271146,10.30704383,-0.144332366
ARE,abu-dhabi,01:00.0,173.6,17,18.4,55,15,01:00.0,10.63855081,10.69996899,-0.061418174
ARE,abu-dhabi,01:00.0,267.3,25,34.7,85,21,01:00.0,11.27645995,10.91976513,0.356694818
ARE,abu-dhabi,01:00.0,727.7,37,107.2,183,32,01:00.0,12.18689479,11.10946107,1.077433719
ARE,abu-dhabi,46:00.0,807.3,37,110.5,196,34,46:00.0,12.09734941,11.14960412,0.94774529
ARE,abu-dhabi,46:00.0,687.4,32,84.4,159,29,46:00.0,11.61130813,10.84099082,0.770317316
ARE,abu-dhabi,46:00.0,225.4,20,38.6,67,19,46:00.0,10.54818855,10.33155204,0.216636503
ARE,abu-dhabi,31:00.0,145.4,18,22.5,49,16,31:00.0,10.30273063,10.22019818,0.082532443
ARE,abu-dhabi,01:00.0,172.4,17,26.2,53,16,31:00.0,10.22566467,10.18552272,0.040141951
ARE,abu-dhabi,46:00.0,179.8,16,27.3,55,14,16:00.0,10.20088232,10.17141908,0.029463235
ARE,abu-dhabi,01:30.0,133.7,15,14.7,37,15,16:00.0,10.23359345,10.23312821,0.000465246
ARE,abu-dhabi,16:30.0,192.5,17,20.3,51,15,16:00.0,10.43147893,10.32885013,0.102628809
ARE,abu-dhabi,46:00.0,151.1,17,17.1,49,14,31:00.0,10.42472057,10.29580156,0.128919011
ARE,abu-dhabi,01:30.0,84.7,14,20.1,32,13,31:00.0,9.836843774,9.84259086,-0.005747086
ARE,abu-dhabi,01:30.0,93.1,17,18.9,33,15,01:00.0,10.04838514,9.940651237,0.1077339
ARE,abu-dhabi,16:30.0,211.9,23,47.1,63,22,01:00.0,10.56728806,10.17479201,0.392496047
ARE,abu-dhabi,46:30.0,276.1,18,52.1,80,19,46:30.0,10.10205511,10.03390532,0.06814979
ARE,abu-dhabi,01:30.0,70,9,15,19,19,46:30.0,8.606955069,8.616305177,-0.009350108
ARE,abu-dhabi,46:30.0,62.9,6,13.6,18,6,46:30.0,8.187243651,8.258626928,-0.071383277
ARE,abu-dhabi,46:30.0,13.6,3,2.8,5,2,46:30.0,8.108189061,8.268174258,-0.159985198
ARE,abu-dhabi,46:30.0,4,2,3.3,3,1,01:30.0,8.151228192,8.371545746,-0.220317554
ARE,abu-dhabi,01:30.0,6.7,2,1.4,1,2,16:30.0,8.59652633,8.794258911,-0.19773258
ARE,abu-dhabi,01:30.0,5.1,3,1.7,2,3,01:30.0,8.774136171,9.011187361,-0.23705119
ARE,abu-dhabi,01:30.0,3.3,3,0.2,1,5,01:30.0,8.844295351,9.061512178,-0.217216827
ARE,abu-dhabi,01:30.0,24.7,5,0.9,7,8,01:00.0,9.193547654,9.402484701,-0.208937047
ARE,abu-dhabi,01:00.0,31.4,8,3.7,14,12,01:00.0,9.565325377,9.727868497,-0.16254312
ARE,abu-dhabi,01:00.0,92.7,12,11.5,26,17,01:00.0,10.08396249,10.22644,-0.142477507
ARE,abu-dhabi,01:00.0,201.8,19,25.2,58,19,01:00.0,10.77235501,10.65643755,0.115917463
ARE,abu-dhabi,01:00.0,447.4,27,52.2,104,20,31:00.0,11.54964052,11.04120092,0.508439593
ARE,abu-dhabi,01:00.0,708.2,36,98.1,178,20,16:00.0,12.06613327,11.12500864,0.941124622
ARE,abu-dhabi,46:00.0,786.6,37,105.5,197,18,46:03.2,12.12069066,11.16992423,0.950766428
ARE,abu-dhabi,46:00.0,611.2,31,82.3,145,14,46:00.0,11.57601363,10.8801239,0.695889728
ARE,abu-dhabi,46:00.0,239.7,21,38.9,65,10,46:00.0,10.64505837,10.32807523,0.316983138
ARE,abu-dhabi,31:00.0,174,19,28.9,57,8,01:00.0,10.43411034,10.27240284,0.161707498
ARE,abu-dhabi,01:30.0,104.8,15,11.5,30,9,01:00.0,10.10918916,10.10076714,0.008422013
ARE,abu-dhabi,16:00.0,178.9,16,21.9,55,9,16:00.0,10.30346115,10.21893225,0.084528907
ARE,abu-dhabi,16:00.0,231,18,27.3,68,9,01:00.0,10.50810904,10.3054886,0.202620446
ARE,abu-dhabi,46:30.0,192.6,16,25,55,9,46:00.0,10.3665887,10.28514154,0.081447156
ARE,abu-dhabi,46:30.0,97,15,14.6,33,7,01:00.0,10.03992757,10.04630852,-0.006380948
ARE,abu-dhabi,01:30.0,134.8,17,16.5,42,7,01:00.0,10.08610577,10.04380485,0.04230092
ARE,abu-dhabi,01:00.0,287.7,24,53.7,98,8,01:30.0,10.65016704,10.28293438,0.367232659
ARE,abu-dhabi,46:30.0,270.7,20,56.1,90,8,16:30.0,10.24080305,10.09692504,0.143878019
ARE,abu-dhabi,46:30.0,55,6,9.8,18,7,31:30.0,8.263419993,8.341059696,-0.077639704
ARE,abu-dhabi,46:30.0,23.4,3,8.5,8,2,31:30.0,8.087948705,8.278051009,-0.190102304
ARE,abu-dhabi,01:30.0,0,3,0,0,3,01:30.0,8.496991291,8.682019279,-0.185027988
ARE,abu-dhabi,01:30.0,1.7,2,2.1,2,15,01:30.0,8.561348725,8.793307615,-0.23195889
ARE,abu-dhabi,01:30.0,9.1,2,0.9,3,28,01:30.0,8.529332458,8.778442282,-0.249109824
ARE,abu-dhabi,01:30.0,2.7,3,0.3,1,39,01:30.0,8.778138723,9.011399359,-0.233260636
ARE,abu-dhabi,01:30.0,18.2,5,4.5,5,47,01:00.0,9.206309085,9.399484396,-0.193175311
ARE,abu-dhabi,01:00.0,18.1,8,1.5,9,56,01:00.0,9.611652703,9.763163843,-0.15151114
ARE,abu-dhabi,01:00.0,83.1,12,6,23,55,46:00.0,10.08838861,10.23778987,-0.149401262
ARE,abu-dhabi,01:00.0,156.9,16,13.8,50,52,01:00.0,10.53751991,10.62672271,-0.089202798
ARE,abu-dhabi,01:00.0,305.6,23,38.9,91,50,46:00.0,11.14305114,10.9209668,0.222084338
ARE,abu-dhabi,01:00.0,715.1,38,96.8,177,49,46:00.0,12.26150859,11.08477945,1.176729141
ARE,abu-dhabi,46:00.0,781.4,38,109.5,189,36,46:00.0,12.19148527,11.02584585,1.165639419
ARE,abu-dhabi,46:00.0,685.4,32,90.8,170,26,46:00.0,11.69309637,10.79346477,0.899631596
ARE,abu-dhabi,46:00.0,269.5,21,40,78,17,46:00.0,10.53166566,10.19161798,0.340047685
ARE,abu-dhabi,31:00.0,136.9,18,22.1,45,10,31:00.0,10.33738696,10.19356618,0.143820788
ARE,abu-dhabi,01:00.0,127.9,14,14.9,39,9,01:30.0,9.943107917,9.955239922,-0.012132005
ARE,abu-dhabi,01:00.0,142.9,15,14.1,38,9,16:30.0,10.16449601,10.08452607,0.079969934
ARE,abu-dhabi,01:00.0,256.3,17,27.8,69,8,01:30.0,10.36987124,10.12676969,0.243101545
ARE,abu-dhabi,01:00.0,170.2,16,20,44,8,01:30.0,10.01470714,9.812539232,0.202167905
ARE,abu-dhabi,01:00.0,161.8,19,35.4,40,8,46:30.0,10.084163,9.651121077,0.433041925
ARE,abu-dhabi,01:00.0,186.1,28,52.6,43,8,16:30.0,10.88632796,9.93418222,0.952145744
ARE,abu-dhabi,31:00.0,279.9,32,60,56,8,31:30.0,11.2238276,10.17401183,1.04981577
ARE,abu-dhabi,46:00.0,338.3,22,76.2,107,6,16:30.0,10.23333524,9.929413704,0.303921539
ARE,abu-dhabi,46:30.0,61.3,6,12.4,21,5,31:30.0,8.100373457,8.180911181,-0.080537724
ARE,abu-dhabi,31:30.0,33.7,5,7.5,12,5,31:30.0,7.985525207,8.051688189,-0.066162982
ARE,abu-dhabi,01:30.0,13.2,3,0.6,3,2,46:30.0,8.233705906,8.336446998,-0.102741092
ARE,abu-dhabi,01:30.0,20.2,4,2.5,4,1,01:30.0,8.479654592,8.503375793,-0.023721201
ARE,abu-dhabi,01:30.0,17.1,5,1.5,5,3,01:30.0,8.646111448,8.582100979,0.064010469
ARE,abu-dhabi,01:30.0,17.8,6,2,5,7,01:30.0,8.736815385,8.671919468,0.064895918
ARE,abu-dhabi,01:30.0,45.8,11,5.3,15,16,01:30.0,9.305681443,8.826320724,0.47936072
ARE,abu-dhabi,46:30.0,86.3,12,7.5,21,16,01:00.0,9.33113967,8.827797676,0.503341994
ARE,abu-dhabi,01:00.0,75.8,13,14.6,21,17,01:30.0,9.578575794,9.27931058,0.299265214
ARE,abu-dhabi,01:00.0,152.1,18,22.9,40,21,01:30.0,10.11413066,9.674743712,0.439386951
ARE,abu-dhabi,01:00.0,467.5,24,42.6,90,22,46:30.0,10.76052086,10.03563137,0.724889491
ARE,abu-dhabi,01:00.0,454.1,25,46.7,104,19,16:00.0,10.96965212,10.26719091,0.702461214
ARE,abu-dhabi,31:00.0,426,25,45.8,96,18,01:30.0,10.99323365,10.3003926,0.692841052
ARE,abu-dhabi,46:00.0,302.3,21,40.6,86,18,46:30.0,10.70972143,10.30567642,0.404045014
ARE,abu-dhabi,01:00.3,193,19,23.3,52,14,31:30.0,10.5192023,9.909533498,0.609668802
ARE,abu-dhabi,31:00.0,232,19,28.3,55,10,46:00.0,10.47251954,9.713464307,0.759055237
ARE,abu-dhabi,16:00.0,157.4,18,18.2,36,9,01:00.0,10.28400765,9.549689877,0.73431777
ARE,abu-dhabi,01:00.0,153.1,17,16.9,36,9,01:00.0,10.18020722,9.530709279,0.649497937
ARE,abu-dhabi,46:00.0,149.2,16,21.2,43,9,01:30.0,10.08897013,9.518179064,0.57079107
ARE,abu-dhabi,46:00.0,74.9,13,9.8,24,9,16:30.0,9.877400582,9.616089623,0.261310959
ARE,abu-dhabi,16:00.0,84.6,11,10.3,24,9,01:30.0,9.762055729,9.737817909,0.02423782
ARE,abu-dhabi,16:00.0,43.6,9,3.3,12,9,31:30.0,9.533837587,9.616735488,-0.082897901
ARE,abu-dhabi,01:30.0,20.6,7,3.3,7,8,46:30.0,9.179999062,9.286643962,-0.1066449
ARE,abu-dhabi,01:00.0,33.9,7,8.3,11,8,01:30.0,9.101573629,9.132172181,-0.030598552
ARE,abu-dhabi,16:00.0,32.7,8,11.1,12,9,31:30.0,9.056474381,9.008507736,0.047966645
ARE,abu-dhabi,16:30.0,29.3,8,8.6,8,7,16:30.0,8.993623743,8.907115928,0.086507815
ARE,abu-dhabi,16:30.0,9.4,6,0.9,3,6,31:30.0,8.856427285,8.865116036,-0.008688751
ARE,abu-dhabi,01:30.0,16.6,4,2.4,7,3,46:30.0,8.657923005,8.625349368,0.032573637
ARE,abu-dhabi,01:30.0,22.8,7,2.1,7,2,01:30.0,8.998363112,8.755919659,0.242443452
ARE,abu-dhabi,01:30.0,22.3,7,4,9,2,01:30.0,8.972737164,8.720529446,0.252207718
ARE,abu-dhabi,01:30.0,58.5,8,5.3,17,3,01:30.0,9.109159531,8.847083873,0.262075658
ARE,abu-dhabi,01:00.0,70.2,9,8.7,18,6,01:30.0,9.090653162,8.857028315,0.233624846
ARE,abu-dhabi,01:00.0,219.1,18,21.8,41,9,01:00.0,10.03835845,9.271661128,0.766697327
ARE,abu-dhabi,31:00.0,220.8,19,24,51,12,01:30.0,10.14508193,9.472241244,0.672840681
ARE,abu-dhabi,01:00.0,197,19,24.4,51,16,01:30.0,10.53968272,10.26193967,0.277743054
ARE,abu-dhabi,01:00.0,268.2,23,34.1,76,19,01:30.0,10.94361422,10.47761264,0.466001576
ARE,abu-dhabi,01:00.0,400.8,25,51.4,106,20,01:30.0,11.00013562,10.47554113,0.524594487
ARE,abu-dhabi,01:00.0,373.1,24,45.5,106,24,01:00.0,10.85026881,10.33742933,0.512839487
ARE,abu-dhabi,31:00.0,332.3,23,50.7,98,23,46:00.0,10.73593331,10.24486229,0.491071019
ARE,abu-dhabi,46:00.0,319.4,22,50.9,93,20,46:00.0,10.62038858,10.04547771,0.574910871
ARE,abu-dhabi,46:00.0,191.5,16,27.4,63,14,46:30.0,10.1245189,9.749053448,0.37546545
ARE,abu-dhabi,01:00.0,108.9,14,11.6,38,12,01:30.0,9.905308523,9.663723039,0.241585483
ARE,abu-dhabi,46:00.0,141,15,16.1,50,13,01:30.0,9.96419265,9.647207536,0.316985114
ARE,abu-dhabi,01:00.0,149,14,16.5,44,13,01:30.0,9.955272295,9.681557302,0.273714993
ARE,abu-dhabi,31:30.0,175.4,14,19.3,52,14,16:30.0,9.912972152,9.719888644,0.193083508
ARE,abu-dhabi,31:30.0,152.4,14,15.2,40,14,16:30.0,9.965008303,9.867185686,0.097822617
ARE,abu-dhabi,46:30.0,147.6,13,17.5,44,13,31:30.0,9.840315449,9.790686031,0.049629419
ARE,abu-dhabi,46:30.0,100.4,11,13,28,12,46:30.0,9.557697265,9.599212232,-0.041514967
ARE,abu-dhabi,31:30.0,44.7,9,7.8,12,10,31:30.0,9.262616594,9.344358488,-0.081741894
ARE,abu-dhabi,31:30.0,19,8,4.5,7,10,31:30.0,8.995183301,9.055194133,-0.060010833
ARE,abu-dhabi,01:30.0,35.5,7,11.6,12,9,16:30.0,8.618421541,8.631088312,-0.012666771
ARE,abu-dhabi,46:30.0,13.9,7,4,6,7,31:30.0,8.605922427,8.606721168,-0.00079874
ARE,abu-dhabi,31:30.0,13.5,4,1.9,6,3,46:30.0,8.40776083,8.473819476,-0.066058646
ARE,abu-dhabi,16:30.0,2.9,3,0.5,1,1,01:30.0,8.518472312,8.618989168,-0.100516856
ARE,abu-dhabi,01:30.0,0,3,0,0,3,16:30.0,8.566703377,8.660543178,-0.093839801
ARE,abu-dhabi,01:30.0,25.4,5,3.3,7,3,01:30.0,8.975082769,8.993815498,-0.018732728
ARE,abu-dhabi,01:00.0,37.6,8,4.5,13,6,01:30.0,9.209849283,9.106032495,0.103816787
ARE,abu-dhabi,01:00.0,93.3,14,11.1,29,9,01:30.0,9.883522091,9.497859074,0.385663017
ARE,abu-dhabi,16:00.0,120.5,15,17.3,35,13,01:00.0,10.06897659,9.767881142,0.301095447
ARE,abu-dhabi,01:00.0,149.3,16,19.7,42,17,01:00.0,10.39884852,10.31959491,0.079253609
ARE,abu-dhabi,01:00.0,270.5,22,36.3,84,20,01:00.0,10.86812249,10.57750846,0.290614025
ARE,abu-dhabi,16:00.0,402.5,24,52,113,23,01:00.0,11.02020939,10.64514866,0.37506073
ARE,abu-dhabi,01:00.0,413,26,55.3,116,28,01:30.0,11.05648209,10.52589113,0.530590957
ARE,abu-dhabi,46:00.0,452.9,25,62.4,132,28,46:00.0,10.99164403,10.48473815,0.506905884
ARE,abu-dhabi,46:00.0,279.4,21,45.3,84,20,46:00.0,10.59036161,10.12666403,0.463697584
ARE,abu-dhabi,46:00.0,105.8,14,17,38,13,46:30.0,9.895874904,9.661661003,0.234213901
ARE,abu-dhabi,01:00.0,65.9,11,7.5,21,11,01:30.0,9.717866404,9.652724006,0.065142398
ARE,abu-dhabi,01:30.0,138,15,16.1,46,14,01:30.0,10.26001258,10.01326865,0.246743927
ARE,abu-dhabi,01:30.0,166.7,19,24.2,53,22,01:30.0,10.41186931,10.08096467,0.330904634
ARE,abu-dhabi,31:30.0,236.5,19,29,73,24,46:30.0,10.48665196,10.32133276,0.165319196
ARE,abu-dhabi,46:30.0,129,13,15.7,47,13,46:30.0,9.842957363,9.916313435,-0.073356072
ARE,abu-dhabi,31:30.0,71,11,10.8,23,11,01:30.0,9.557421981,9.524080208,0.033341773
ARE,abu-dhabi,01:30.0,43.9,10,3.6,17,11,46:30.0,9.556881492,9.559337543,-0.002456052
ARE,abu-dhabi,01:30.0,177.7,15,25.6,58,12,01:30.0,9.956048398,9.694709876,0.261338523
ARE,abu-dhabi,46:30.0,211.8,13,24.6,63,11,46:30.0,9.72406455,9.584079238,0.139985312
ARE,abu-dhabi,46:30.0,47.9,5,7.8,12,5,31:30.0,8.178960676,8.250133497,-0.071172821
ARE,abu-dhabi,46:30.0,41.6,3,5.1,3,3,31:30.0,8.22237078,8.384943738,-0.162572957
ARE,abu-dhabi,01:30.0,6.1,1,1.7,2,2,01:30.0,8.477963084,8.759801976,-0.281838892
ARE,abu-dhabi,01:30.0,8.6,2,0.4,2,2,01:30.0,8.594024269,8.822615325,-0.228591056
ARE,abu-dhabi,01:00.0,13.5,2,2.7,6,3,01:30.0,8.619970977,8.860812095,-0.240841119
ARE,abu-dhabi,01:00.0,20,4,3,6,4,01:30.0,8.982798255,9.12485896,-0.142060705
ARE,abu-dhabi,01:00.0,25.5,7,6.9,7,7,01:30.0,9.333764797,9.408543763,-0.074778966
ARE,abu-dhabi,01:00.0,36.1,10,6.6,14,10,01:30.0,9.692068211,9.794731866,-0.102663655
ARE,abu-dhabi,01:00.0,77.1,13,10.2,29,15,01:00.0,10.10797907,10.27860767,-0.170628606
ARE,abu-dhabi,01:00.0,110.8,17,13.7,46,20,01:00.0,10.54181347,10.60982449,-0.068011023
ARE,abu-dhabi,01:00.0,389.4,25,49.5,98,29,01:00.0,11.15015378,10.79917508,0.350978704
ARE,abu-dhabi,01:00.0,714.9,33,95.5,156,40,01:00.0,11.74879227,10.98845833,0.760333939
ARE,abu-dhabi,31:00.0,781.2,35,105,185,40,46:00.0,11.86145261,11.04182081,0.819631797
ARE,abu-dhabi,46:00.0,686.7,31,95.4,162,33,46:00.0,11.46766076,10.73786436,0.729796401
ARE,abu-dhabi,46:00.0,238.3,20,34.9,66,21,46:00.0,10.51685554,10.24847271,0.268382831
ARE,abu-dhabi,31:00.0,139.2,17,18.7,45,18,31:30.0,10.23117339,10.13982375,0.091349639
ARE,abu-dhabi,01:00.0,113.3,15,12.8,32,17,01:00.0,10.23510119,10.16763785,0.067463338
ARE,abu-dhabi,01:00.0,211,17,22.1,60,17,01:30.0,10.41029972,10.24176445,0.168535262
ARE,abu-dhabi,16:00.0,238.5,18,28,73,19,01:30.0,10.5952458,10.31034492,0.284900874
ARE,abu-dhabi,16:00.0,187.6,18,29.4,58,18,46:30.0,10.40354838,10.09641716,0.307131213
ARE,abu-dhabi,46:00.0,166.9,16,30,53,16,46:00.0,10.08293179,9.884015229,0.198916564
ARE,abu-dhabi,01:00.0,128.9,14,19.6,43,19,01:30.0,9.868774258,9.837828496,0.030945762
ARE,abu-dhabi,01:00.0,296.9,21,51,99,24,16:30.0,10.50176752,10.12022574,0.381541774
ARE,abu-dhabi,46:00.0,297.4,18,58.3,94,19,46:30.0,10.09219228,9.94562061,0.146571672
ARE,abu-dhabi,46:30.0,57.1,5,7.9,16,5,31:30.0,8.228164812,8.320627588,-0.092462775
ARE,abu-dhabi,16:30.0,7.1,2,0.5,2,2,46:30.0,8.203950295,8.428059724,-0.224109429
ARE,abu-dhabi,01:30.0,4.9,2,0.9,1,1,01:30.0,8.57500585,8.802045147,-0.227039297
ARE,abu-dhabi,01:30.0,0,2,0,0,2,01:30.0,8.673203909,8.943284936,-0.270081027
ARE,abu-dhabi,01:30.0,13.2,2,2.4,4,3,01:30.0,8.775659469,9.071993662,-0.296334194
ARE,abu-dhabi,01:30.0,9.8,3,1.2,3,4,01:30.0,8.760993043,9.021295338,-0.260302294
ARE,abu-dhabi,01:00.0,17.7,6,1.7,5,6,01:30.0,9.28418306,9.471359102,-0.187176042
ARE,abu-dhabi,01:00.0,24.5,8,1.8,10,10,01:30.0,9.663274289,9.851374694,-0.188100405
ARE,abu-dhabi,01:00.0,78.8,12,5.9,31,14,01:30.0,10.11813389,10.34875454,-0.230620651
ARE,abu-dhabi,01:00.0,124.5,15,16.3,45,20,01:00.0,10.55419368,10.73712491,-0.182931231
ARE,abu-dhabi,01:00.0,256.5,21,34.4,91,28,01:30.0,11.02689039,10.98471704,0.042173347
ARE,abu-dhabi,01:00.0,608.8,32,83.1,160,41,01:30.0,11.7802592,11.10055948,0.679699721
ARE,abu-dhabi,46:00.0,669.3,34,92.2,166,41,46:00.0,11.85636955,11.10703206,0.749337483
ARE,abu-dhabi,46:00.0,549.8,29,79.1,134,34,46:00.0,11.45236487,10.88463807,0.567726799
ARE,abu-dhabi,46:00.0,239.2,19,34.3,67,23,46:00.0,10.4672666,10.33361702,0.133649577
ARE,abu-dhabi,31:00.0,179,16,22.6,56,19,31:00.0,10.29817077,10.3089524,-0.010781633
ARE,abu-dhabi,16:00.0,93.5,14,10.9,27,16,31:00.0,10.14044844,10.21985795,-0.079409512
ARE,abu-dhabi,16:00.0,149.9,15,18.4,46,16,01:30.0,10.31365891,10.3094766,0.004182311
ARE,abu-dhabi,16:00.0,194,15,23.8,56,17,01:30.0,10.29702224,10.3002695,-0.003247255
ARE,abu-dhabi,31:00.0,137.3,14,16.4,47,16,31:30.0,10.12039349,10.23385093,-0.113457437
ARE,abu-dhabi,31:00.0,94.2,13,14.8,34,15,01:30.0,9.914556985,10.01815345,-0.103596468
ARE,abu-dhabi,01:00.0,62,15,11.5,24,21,01:30.0,9.824583597,9.860589027,-0.03600543
ARE,abu-dhabi,01:00.0,276.6,22,50.2,85,28,16:30.0,10.4769555,10.09431549,0.382640007
ARE,abu-dhabi,46:30.0,308.5,19,58.4,91,22,46:30.0,10.13444232,9.96153453,0.172907791
ARE,abu-dhabi,16:30.0,95.8,10,19,32,22,46:30.0,8.931607949,9.001353627,-0.069745678
ARE,abu-dhabi,46:30.0,57.8,6,9.6,18,6,46:30.0,8.235070227,8.265611672,-0.030541445
ARE,abu-dhabi,46:30.0,15.7,2,6,5,2,46:30.0,8.028550909,8.203175507,-0.174624598
ARE,abu-dhabi,01:30.0,0,1,0,0,1,01:30.0,8.356889221,8.625020233,-0.268131013
ARE,abu-dhabi,16:30.0,1.1,2,0.2,1,3,01:30.0,8.488583732,8.746092756,-0.257509024
ARE,abu-dhabi,01:30.0,7.6,3,2.8,4,3,01:30.0,8.538073985,8.684885493,-0.146811508
ARE,abu-dhabi,01:30.0,48.1,5,3.4,6,4,01:30.0,8.765761639,8.816776393,-0.051014754
